id,email,password,first_name,last_name,phone,user_type,business_id,status,mail_verified,phone_verified,notification_id,notifications,founder
3000,micah42@yahoo.com,"$argon2i$v=19$m=16,t=2,p=1$bGFiVFNkNkl6YldhMEZ2Mg$KoO4yuR++bGwD7EviELL+Q",Micah,Ochieng,0790890853,OWNER,,VERIFIED,true,true,,,false
3001,miriam16@gmail.com,"$argon2i$v=19$m=16,t=2,p=1$bGFiVFNkNkl6YldhMEZ2Mg$KoO4yuR++bGwD7EviELL+Q",Miriam,Gichuru,0771490442,OWNER,,VERIFIED,true,true,,,false
3002,wcnair@yahoo.com,"$argon2i$v=19$m=16,t=2,p=1$bGFiVFNkNkl6YldhMEZ2Mg$KoO4yuR++bGwD7EviELL+Q",Paul,Owino,0770546969,OWNER,,VERIFIED,true,true,,,false
3003,elisha@yahoo.com,"$argon2i$v=19$m=16,t=2,p=1$bGFiVFNkNkl6YldhMEZ2Mg$KoO4yuR++bGwD7EviELL+Q",Elisha,Kiptoo,0727387931,OWNER,,VERIFIED,true,true,,,false
3004,grace@gmail.com,"$argon2i$v=19$m=16,t=2,p=1$bGFiVFNkNkl6YldhMEZ2Mg$KoO4yuR++bGwD7EviELL+Q",Grace,Shikuku,0787912706,OWNER,,VERIFIED,true,true,,,false
3005,apnair@gmail.com,"$argon2i$v=19$m=16,t=2,p=1$bGFiVFNkNkl6YldhMEZ2Mg$KoO4yuR++bGwD7EviELL+Q",Reuben,Kamau,0793483789,OWNER,,VERIFIED,true,true,,,false
3007,ruthr@yahoo.com,"$argon2i$v=19$m=16,t=2,p=1$bGFiVFNkNkl6YldhMEZ2Mg$KoO4yuR++bGwD7EviELL+Q",Ruth,Cherono,0778461924,OWNER,,VERIFIED,true,true,,,false
3008,naomi@gmail.com,"$argon2i$v=19$m=16,t=2,p=1$bGFiVFNkNkl6YldhMEZ2Mg$KoO4yuR++bGwD7EviELL+Q",Naomi,Mochoge,0785697042,OWNER,,VERIFIED,true,true,,,false
3009,adam@yahoo.com,"$argon2i$v=19$m=16,t=2,p=1$bGFiVFNkNkl6YldhMEZ2Mg$KoO4yuR++bGwD7EviELL+Q",Adam,Mogaka,0765069182,OWNER,,VERIFIED,true,true,,,false
3010,elizabeth93@yahoo.com,"$argon2i$v=19$m=16,t=2,p=1$bGFiVFNkNkl6YldhMEZ2Mg$KoO4yuR++bGwD7EviELL+Q",Elizabeth,Gichuru,0726829393,OWNER,,VERIFIED,true,true,,,false
3011,acnair@yahoo.com,"$argon2i$v=19$m=16,t=2,p=1$bGFiVFNkNkl6YldhMEZ2Mg$KoO4yuR++bGwD7EviELL+Q",Hannah,Wanjiru,0772303344,OWNER,,VERIFIED,true,true,,,false
3012,ethan80@gmail.com,"$argon2i$v=19$m=16,t=2,p=1$bGFiVFNkNkl6YldhMEZ2Mg$KoO4yuR++bGwD7EviELL+Q",Ethan,Lusaka,0779485875,OWNER,,VERIFIED,true,true,,,false
3013,miriam@yahoo.com,"$argon2i$v=19$m=16,t=2,p=1$bGFiVFNkNkl6YldhMEZ2Mg$KoO4yuR++bGwD7EviELL+Q",Miriam,Khisa,0766705885,OWNER,,VERIFIED,true,true,,,false
3015,apnair@yahoo.com,"$argon2i$v=19$m=16,t=2,p=1$bGFiVFNkNkl6YldhMEZ2Mg$KoO4yuR++bGwD7EviELL+Q",Aaron,Musila,0765897230,OWNER,,VERIFIED,true,true,,,false
3016,peterr@gmail.com,"$argon2i$v=19$m=16,t=2,p=1$bGFiVFNkNkl6YldhMEZ2Mg$KoO4yuR++bGwD7EviELL+Q",Peter,Musyoka,0780022144,OWNER,,VERIFIED,true,true,,,false
3017,aknair@yahoo.com,"$argon2i$v=19$m=16,t=2,p=1$bGFiVFNkNkl6YldhMEZ2Mg$KoO4yuR++bGwD7EviELL+Q",Phoebe,Kiptoo,0733864159,OWNER,,VERIFIED,true,true,,,false
3022,davidr@gmail.com,"$argon2i$v=19$m=16,t=2,p=1$bGFiVFNkNkl6YldhMEZ2Mg$KoO4yuR++bGwD7EviELL+Q",David,Mutua,0732361330,OWNER,,VERIFIED,true,true,,,false
3024,philip55@gmail.com,"$argon2i$v=19$m=16,t=2,p=1$bGFiVFNkNkl6YldhMEZ2Mg$KoO4yuR++bGwD7EviELL+Q",Philip,Kipsang,0752837709,OWNER,,VERIFIED,true,true,,,false
3027,deborahr@yahoo.com,"$argon2i$v=19$m=16,t=2,p=1$bGFiVFNkNkl6YldhMEZ2Mg$KoO4yuR++bGwD7EviELL+Q",Deborah,Wanjiru,0723719948,OWNER,,VERIFIED,true,true,,,false
3028,amnair@yahoo.com,"$argon2i$v=19$m=16,t=2,p=1$bGFiVFNkNkl6YldhMEZ2Mg$KoO4yuR++bGwD7EviELL+Q",Caleb,Wanyama,0759651471,OWNER,,VERIFIED,true,true,,,false
3029,aanair@yahoo.com,"$argon2i$v=19$m=16,t=2,p=1$bGFiVFNkNkl6YldhMEZ2Mg$KoO4yuR++bGwD7EviELL+Q",David,Kilonzo,0740294026,OWNER,,VERIFIED,true,true,,,false
3032,susannahr@yahoo.com,"$argon2i$v=19$m=16,t=2,p=1$bGFiVFNkNkl6YldhMEZ2Mg$KoO4yuR++bGwD7EviELL+Q",Susannah,Khisa,0737426753,OWNER,,VERIFIED,true,true,,,false
3035,ezekiel@gmail.com,"$argon2i$v=19$m=16,t=2,p=1$bGFiVFNkNkl6YldhMEZ2Mg$KoO4yuR++bGwD7EviELL+Q",Ezekiel,Kipsang,0783199878,OWNER,,VERIFIED,true,true,,,false
3038,priscillar@gmail.com,"$argon2i$v=19$m=16,t=2,p=1$bGFiVFNkNkl6YldhMEZ2Mg$KoO4yuR++bGwD7EviELL+Q",Priscilla,Omari,0732056956,OWNER,,VERIFIED,true,true,,,false
3043,adnair@yahoo.com,"$argon2i$v=19$m=16,t=2,p=1$bGFiVFNkNkl6YldhMEZ2Mg$KoO4yuR++bGwD7EviELL+Q",Barnabas,Cheruiyot,0739727238,OWNER,,VERIFIED,true,true,,,false
3044,mary@yahoo.com,"$argon2i$v=19$m=16,t=2,p=1$bGFiVFNkNkl6YldhMEZ2Mg$KoO4yuR++bGwD7EviELL+Q",Mary,Nyakundi,0745114536,OWNER,,VERIFIED,true,true,,,false
3045,abigail@yahoo.com,"$argon2i$v=19$m=16,t=2,p=1$bGFiVFNkNkl6YldhMEZ2Mg$KoO4yuR++bGwD7EviELL+Q",Abigail,Odinga,0725601496,OWNER,,VERIFIED,true,true,,,false
3046,ahnair@yahoo.com,"$argon2i$v=19$m=16,t=2,p=1$bGFiVFNkNkl6YldhMEZ2Mg$KoO4yuR++bGwD7EviELL+Q",Abraham,Okello,0752752109,OWNER,,VERIFIED,true,true,,,false
3047,abigail13@yahoo.com,"$argon2i$v=19$m=16,t=2,p=1$bGFiVFNkNkl6YldhMEZ2Mg$KoO4yuR++bGwD7EviELL+Q",Abigail,Kariuki,0784734240,OWNER,,VERIFIED,true,true,,,false
3048,samuel67@yahoo.com,"$argon2i$v=19$m=16,t=2,p=1$bGFiVFNkNkl6YldhMEZ2Mg$KoO4yuR++bGwD7EviELL+Q",Samuel,Kariuki,0762034591,OWNER,,VERIFIED,true,true,,,false
3049,acnair@gmail.com,"$argon2i$v=19$m=16,t=2,p=1$bGFiVFNkNkl6YldhMEZ2Mg$KoO4yuR++bGwD7EviELL+Q",Matthew,Mwanzia,0725138436,OWNER,,VERIFIED,true,true,,,false
3052,asnair@gmail.com,"$argon2i$v=19$m=16,t=2,p=1$bGFiVFNkNkl6YldhMEZ2Mg$KoO4yuR++bGwD7EviELL+Q",Grace,Lusaka,0719762367,OWNER,,VERIFIED,true,true,,,false
3057,elishar@gmail.com,"$argon2i$v=19$m=16,t=2,p=1$bGFiVFNkNkl6YldhMEZ2Mg$KoO4yuR++bGwD7EviELL+Q",Elisha,Odinga,0713518934,OWNER,,VERIFIED,true,true,,,false
3060,hannah@yahoo.com,"$argon2i$v=19$m=16,t=2,p=1$bGFiVFNkNkl6YldhMEZ2Mg$KoO4yuR++bGwD7EviELL+Q",Hannah,Kisilu,0762330200,OWNER,,VERIFIED,true,true,,,false
3061,tabitha48@yahoo.com,"$argon2i$v=19$m=16,t=2,p=1$bGFiVFNkNkl6YldhMEZ2Mg$KoO4yuR++bGwD7EviELL+Q",Tabitha,Kilonzo,0783603634,OWNER,,VERIFIED,true,true,,,false
3063,joshua76@yahoo.com,"$argon2i$v=19$m=16,t=2,p=1$bGFiVFNkNkl6YldhMEZ2Mg$KoO4yuR++bGwD7EviELL+Q",Joshua,Mochoge,0749982274,OWNER,,VERIFIED,true,true,,,false
3065,daniel58@yahoo.com,"$argon2i$v=19$m=16,t=2,p=1$bGFiVFNkNkl6YldhMEZ2Mg$KoO4yuR++bGwD7EviELL+Q",Daniel,Muli,0759026655,OWNER,,VERIFIED,true,true,,,false
3069,isaac@yahoo.com,"$argon2i$v=19$m=16,t=2,p=1$bGFiVFNkNkl6YldhMEZ2Mg$KoO4yuR++bGwD7EviELL+Q",Isaac,Onyango,0733444473,OWNER,,VERIFIED,true,true,,,false
3072,stephen52@yahoo.com,"$argon2i$v=19$m=16,t=2,p=1$bGFiVFNkNkl6YldhMEZ2Mg$KoO4yuR++bGwD7EviELL+Q",Stephen,Kipsang,0770844028,OWNER,,VERIFIED,true,true,,,false
3076,peter53@gmail.com,"$argon2i$v=19$m=16,t=2,p=1$bGFiVFNkNkl6YldhMEZ2Mg$KoO4yuR++bGwD7EviELL+Q",Peter,Odhiambo,0713726540,OWNER,,VERIFIED,true,true,,,false
3077,elisha@gmail.com,"$argon2i$v=19$m=16,t=2,p=1$bGFiVFNkNkl6YldhMEZ2Mg$KoO4yuR++bGwD7EviELL+Q",Elisha,Mudavadi,0732661589,OWNER,,VERIFIED,true,true,,,false
3078,jesser@yahoo.com,"$argon2i$v=19$m=16,t=2,p=1$bGFiVFNkNkl6YldhMEZ2Mg$KoO4yuR++bGwD7EviELL+Q",Jesse,Njoroge,0768546518,OWNER,,VERIFIED,true,true,,,false
3079,moses@yahoo.com,"$argon2i$v=19$m=16,t=2,p=1$bGFiVFNkNkl6YldhMEZ2Mg$KoO4yuR++bGwD7EviELL+Q",Moses,Odhiambo,0762399911,OWNER,,VERIFIED,true,true,,,false
3081,joanna@yahoo.com,"$argon2i$v=19$m=16,t=2,p=1$bGFiVFNkNkl6YldhMEZ2Mg$KoO4yuR++bGwD7EviELL+Q",Joanna,Ouko,0737137377,OWNER,,VERIFIED,true,true,,,false
3084,bpnair@gmail.com,"$argon2i$v=19$m=16,t=2,p=1$bGFiVFNkNkl6YldhMEZ2Mg$KoO4yuR++bGwD7EviELL+Q",Bartholomew,Barasa,0729920678,OWNER,,VERIFIED,true,true,,,false
3085,gabriel91@gmail.com,"$argon2i$v=19$m=16,t=2,p=1$bGFiVFNkNkl6YldhMEZ2Mg$KoO4yuR++bGwD7EviELL+Q",Gabriel,Musyoka,0790236681,OWNER,,VERIFIED,true,true,,,false
3086,aaron@gmail.com,"$argon2i$v=19$m=16,t=2,p=1$bGFiVFNkNkl6YldhMEZ2Mg$KoO4yuR++bGwD7EviELL+Q",Aaron,Cheruiyot,0789759143,OWNER,,VERIFIED,true,true,,,false
3087,bpnair@yahoo.com,"$argon2i$v=19$m=16,t=2,p=1$bGFiVFNkNkl6YldhMEZ2Mg$KoO4yuR++bGwD7EviELL+Q",Rachel,Mutua,0783464278,OWNER,,VERIFIED,true,true,,,false
3088,isaac31@gmail.com,"$argon2i$v=19$m=16,t=2,p=1$bGFiVFNkNkl6YldhMEZ2Mg$KoO4yuR++bGwD7EviELL+Q",Isaac,Ochieng,0796605579,OWNER,,VERIFIED,true,true,,,false
3089,abraham@yahoo.com,"$argon2i$v=19$m=16,t=2,p=1$bGFiVFNkNkl6YldhMEZ2Mg$KoO4yuR++bGwD7EviELL+Q",Abraham,Ongeri,0769951162,OWNER,,VERIFIED,true,true,,,false
3090,bcnair@gmail.com,"$argon2i$v=19$m=16,t=2,p=1$bGFiVFNkNkl6YldhMEZ2Mg$KoO4yuR++bGwD7EviELL+Q",Priscilla,Omollo,0719498475,OWNER,,VERIFIED,true,true,,,false
3091,samuel@yahoo.com,"$argon2i$v=19$m=16,t=2,p=1$bGFiVFNkNkl6YldhMEZ2Mg$KoO4yuR++bGwD7EviELL+Q",Samuel,Wainaina,0731576530,OWNER,,VERIFIED,true,true,,,false
3093,bdnair@yahoo.com,"$argon2i$v=19$m=16,t=2,p=1$bGFiVFNkNkl6YldhMEZ2Mg$KoO4yuR++bGwD7EviELL+Q",Priscilla,Wekesa,0764009646,OWNER,,VERIFIED,true,true,,,false
3094,rebecca76@gmail.com,"$argon2i$v=19$m=16,t=2,p=1$bGFiVFNkNkl6YldhMEZ2Mg$KoO4yuR++bGwD7EviELL+Q",Rebecca,Musyoka,0719108453,OWNER,,VERIFIED,true,true,,,false
3096,bhnair@yahoo.com,"$argon2i$v=19$m=16,t=2,p=1$bGFiVFNkNkl6YldhMEZ2Mg$KoO4yuR++bGwD7EviELL+Q",Ethan,Ratemo,0781916280,OWNER,,VERIFIED,true,true,,,false
3097,paul@yahoo.com,"$argon2i$v=19$m=16,t=2,p=1$bGFiVFNkNkl6YldhMEZ2Mg$KoO4yuR++bGwD7EviELL+Q",Paul,Ochieng,0758772579,OWNER,,VERIFIED,true,true,,,false
3101,isaiah@yahoo.com,"$argon2i$v=19$m=16,t=2,p=1$bGFiVFNkNkl6YldhMEZ2Mg$KoO4yuR++bGwD7EviELL+Q",Isaiah,Ochieng,0770394134,OWNER,,VERIFIED,true,true,,,false
3104,marthar@yahoo.com,"$argon2i$v=19$m=16,t=2,p=1$bGFiVFNkNkl6YldhMEZ2Mg$KoO4yuR++bGwD7EviELL+Q",Martha,Wekesa,0726217857,OWNER,,VERIFIED,true,true,,,false
3105,jacob@yahoo.com,"$argon2i$v=19$m=16,t=2,p=1$bGFiVFNkNkl6YldhMEZ2Mg$KoO4yuR++bGwD7EviELL+Q",Jacob,Muthama,0725911315,OWNER,,VERIFIED,true,true,,,false
3107,joannar@yahoo.com,"$argon2i$v=19$m=16,t=2,p=1$bGFiVFNkNkl6YldhMEZ2Mg$KoO4yuR++bGwD7EviELL+Q",Joanna,Ngugi,0751214695,OWNER,,VERIFIED,true,true,,,false
3108,bcnair@yahoo.com,"$argon2i$v=19$m=16,t=2,p=1$bGFiVFNkNkl6YldhMEZ2Mg$KoO4yuR++bGwD7EviELL+Q",Bartholomew,Mwanzia,0796005003,OWNER,,VERIFIED,true,true,,,false
3109,martha@gmail.com,"$argon2i$v=19$m=16,t=2,p=1$bGFiVFNkNkl6YldhMEZ2Mg$KoO4yuR++bGwD7EviELL+Q",Martha,Gichuru,0760123674,OWNER,,VERIFIED,true,true,,,false
3110,naomi57@yahoo.com,"$argon2i$v=19$m=16,t=2,p=1$bGFiVFNkNkl6YldhMEZ2Mg$KoO4yuR++bGwD7EviELL+Q",Naomi,Wekesa,0712185432,OWNER,,VERIFIED,true,true,,,false
3111,paul@gmail.com,"$argon2i$v=19$m=16,t=2,p=1$bGFiVFNkNkl6YldhMEZ2Mg$KoO4yuR++bGwD7EviELL+Q",Paul,Shikuku,0746968433,OWNER,,VERIFIED,true,true,,,false
3114,nathan80@yahoo.com,"$argon2i$v=19$m=16,t=2,p=1$bGFiVFNkNkl6YldhMEZ2Mg$KoO4yuR++bGwD7EviELL+Q",Nathan,Wanjiru,0771902906,OWNER,,VERIFIED,true,true,,,false
3115,titusr@gmail.com,"$argon2i$v=19$m=16,t=2,p=1$bGFiVFNkNkl6YldhMEZ2Mg$KoO4yuR++bGwD7EviELL+Q",Titus,Mochoge,0752778400,OWNER,,VERIFIED,true,true,,,false
3116,elijahr@yahoo.com,"$argon2i$v=19$m=16,t=2,p=1$bGFiVFNkNkl6YldhMEZ2Mg$KoO4yuR++bGwD7EviELL+Q",Elijah,Shikuku,0767442092,OWNER,,VERIFIED,true,true,,,false
3118,bjnair@yahoo.com,"$argon2i$v=19$m=16,t=2,p=1$bGFiVFNkNkl6YldhMEZ2Mg$KoO4yuR++bGwD7EviELL+Q",Rebecca,Gichuru,0790806841,OWNER,,VERIFIED,true,true,,,false
3119,miriam@gmail.com,"$argon2i$v=19$m=16,t=2,p=1$bGFiVFNkNkl6YldhMEZ2Mg$KoO4yuR++bGwD7EviELL+Q",Miriam,Wanyama,0765246306,OWNER,,VERIFIED,true,true,,,false
3122,elizabeth73@yahoo.com,"$argon2i$v=19$m=16,t=2,p=1$bGFiVFNkNkl6YldhMEZ2Mg$KoO4yuR++bGwD7EviELL+Q",Elizabeth,Wanyama,0765532090,OWNER,,VERIFIED,true,true,,,false
3123,rebeccar@yahoo.com,"$argon2i$v=19$m=16,t=2,p=1$bGFiVFNkNkl6YldhMEZ2Mg$KoO4yuR++bGwD7EviELL+Q",Rebecca,Kamau,0737283663,OWNER,,VERIFIED,true,true,,,false
3125,elizabethr@gmail.com,"$argon2i$v=19$m=16,t=2,p=1$bGFiVFNkNkl6YldhMEZ2Mg$KoO4yuR++bGwD7EviELL+Q",Elizabeth,Nyakundi,0773192547,OWNER,,VERIFIED,true,true,,,false
3127,esther50@gmail.com,"$argon2i$v=19$m=16,t=2,p=1$bGFiVFNkNkl6YldhMEZ2Mg$KoO4yuR++bGwD7EviELL+Q",Esther,Omollo,0766413322,OWNER,,VERIFIED,true,true,,,false
3131,susannah@gmail.com,"$argon2i$v=19$m=16,t=2,p=1$bGFiVFNkNkl6YldhMEZ2Mg$KoO4yuR++bGwD7EviELL+Q",Susannah,Chebet,0725049396,OWNER,,VERIFIED,true,true,,,false
3133,eve82@yahoo.com,"$argon2i$v=19$m=16,t=2,p=1$bGFiVFNkNkl6YldhMEZ2Mg$KoO4yuR++bGwD7EviELL+Q",Eve,Odhiambo,0725237946,OWNER,,VERIFIED,true,true,,,false
3134,eve65@gmail.com,"$argon2i$v=19$m=16,t=2,p=1$bGFiVFNkNkl6YldhMEZ2Mg$KoO4yuR++bGwD7EviELL+Q",Eve,Wangari,0720242381,OWNER,,VERIFIED,true,true,,,false
3135,levi72@yahoo.com,"$argon2i$v=19$m=16,t=2,p=1$bGFiVFNkNkl6YldhMEZ2Mg$KoO4yuR++bGwD7EviELL+Q",Levi,Omari,0731117740,OWNER,,VERIFIED,true,true,,,false
3139,deborah73@gmail.com,"$argon2i$v=19$m=16,t=2,p=1$bGFiVFNkNkl6YldhMEZ2Mg$KoO4yuR++bGwD7EviELL+Q",Deborah,Odhiambo,0779438524,OWNER,,VERIFIED,true,true,,,false
3140,priscilla@yahoo.com,"$argon2i$v=19$m=16,t=2,p=1$bGFiVFNkNkl6YldhMEZ2Mg$KoO4yuR++bGwD7EviELL+Q",Priscilla,Cherono,0737212755,OWNER,,VERIFIED,true,true,,,false
3141,bmnair@yahoo.com,"$argon2i$v=19$m=16,t=2,p=1$bGFiVFNkNkl6YldhMEZ2Mg$KoO4yuR++bGwD7EviELL+Q",Miriam,Mudavadi,0739167610,OWNER,,VERIFIED,true,true,,,false
3142,priscilla58@yahoo.com,"$argon2i$v=19$m=16,t=2,p=1$bGFiVFNkNkl6YldhMEZ2Mg$KoO4yuR++bGwD7EviELL+Q",Priscilla,Kipsang,0798694622,OWNER,,VERIFIED,true,true,,,false
3143,delilah@yahoo.com,"$argon2i$v=19$m=16,t=2,p=1$bGFiVFNkNkl6YldhMEZ2Mg$KoO4yuR++bGwD7EviELL+Q",Delilah,Lusaka,0723997992,OWNER,,VERIFIED,true,true,,,false
3144,cpnair@yahoo.com,"$argon2i$v=19$m=16,t=2,p=1$bGFiVFNkNkl6YldhMEZ2Mg$KoO4yuR++bGwD7EviELL+Q",Seth,Shikuku,0771934370,OWNER,,VERIFIED,true,true,,,false
3145,cmnair@yahoo.com,"$argon2i$v=19$m=16,t=2,p=1$bGFiVFNkNkl6YldhMEZ2Mg$KoO4yuR++bGwD7EviELL+Q",Hannah,Ratemo,0725932488,OWNER,,VERIFIED,true,true,,,false
3147,bartholomew39@yahoo.com,"$argon2i$v=19$m=16,t=2,p=1$bGFiVFNkNkl6YldhMEZ2Mg$KoO4yuR++bGwD7EviELL+Q",Bartholomew,Ratemo,0797036245,OWNER,,VERIFIED,true,true,,,false
3148,gabrielr@yahoo.com,"$argon2i$v=19$m=16,t=2,p=1$bGFiVFNkNkl6YldhMEZ2Mg$KoO4yuR++bGwD7EviELL+Q",Gabriel,Odhiambo,0747031352,OWNER,,VERIFIED,true,true,,,false
3149,ccnair@yahoo.com,"$argon2i$v=19$m=16,t=2,p=1$bGFiVFNkNkl6YldhMEZ2Mg$KoO4yuR++bGwD7EviELL+Q",Daniel,Ouko,0740697319,OWNER,,VERIFIED,true,true,,,false
3150,john97@yahoo.com,"$argon2i$v=19$m=16,t=2,p=1$bGFiVFNkNkl6YldhMEZ2Mg$KoO4yuR++bGwD7EviELL+Q",John,Kamau,0785991152,OWNER,,VERIFIED,true,true,,,false
3151,cpnair@gmail.com,"$argon2i$v=19$m=16,t=2,p=1$bGFiVFNkNkl6YldhMEZ2Mg$KoO4yuR++bGwD7EviELL+Q",Jacob,Mukhisa,0770478237,OWNER,,VERIFIED,true,true,,,false
3153,abigail@gmail.com,"$argon2i$v=19$m=16,t=2,p=1$bGFiVFNkNkl6YldhMEZ2Mg$KoO4yuR++bGwD7EviELL+Q",Abigail,Machogu,0792010470,OWNER,,VERIFIED,true,true,,,false
3156,samuel@gmail.com,"$argon2i$v=19$m=16,t=2,p=1$bGFiVFNkNkl6YldhMEZ2Mg$KoO4yuR++bGwD7EviELL+Q",Samuel,Kipruto,0757059181,OWNER,,VERIFIED,true,true,,,false
3158,noah38@yahoo.com,"$argon2i$v=19$m=16,t=2,p=1$bGFiVFNkNkl6YldhMEZ2Mg$KoO4yuR++bGwD7EviELL+Q",Noah,Omari,0778591532,OWNER,,VERIFIED,true,true,,,false
3159,ccnair@gmail.com,"$argon2i$v=19$m=16,t=2,p=1$bGFiVFNkNkl6YldhMEZ2Mg$KoO4yuR++bGwD7EviELL+Q",Rebekah,Mokua,0745196128,OWNER,,VERIFIED,true,true,,,false
3160,gracer@yahoo.com,"$argon2i$v=19$m=16,t=2,p=1$bGFiVFNkNkl6YldhMEZ2Mg$KoO4yuR++bGwD7EviELL+Q",Grace,Mukhisa,0787267460,OWNER,,VERIFIED,true,true,,,false
3162,david@yahoo.com,"$argon2i$v=19$m=16,t=2,p=1$bGFiVFNkNkl6YldhMEZ2Mg$KoO4yuR++bGwD7EviELL+Q",David,Nyakundi,0739781789,OWNER,,VERIFIED,true,true,,,false
3163,rebecca@gmail.com,"$argon2i$v=19$m=16,t=2,p=1$bGFiVFNkNkl6YldhMEZ2Mg$KoO4yuR++bGwD7EviELL+Q",Rebecca,Kipchoge,0713457196,OWNER,,VERIFIED,true,true,,,false
3164,elijahr@gmail.com,"$argon2i$v=19$m=16,t=2,p=1$bGFiVFNkNkl6YldhMEZ2Mg$KoO4yuR++bGwD7EviELL+Q",Elijah,Wainaina,0740451816,OWNER,,VERIFIED,true,true,,,false
3165,grace@yahoo.com,"$argon2i$v=19$m=16,t=2,p=1$bGFiVFNkNkl6YldhMEZ2Mg$KoO4yuR++bGwD7EviELL+Q",Grace,Cherono,0794874001,OWNER,,VERIFIED,true,true,,,false
3166,gabriel@yahoo.com,"$argon2i$v=19$m=16,t=2,p=1$bGFiVFNkNkl6YldhMEZ2Mg$KoO4yuR++bGwD7EviELL+Q",Gabriel,Wangari,0791689012,OWNER,,VERIFIED,true,true,,,false
3169,chnair@yahoo.com,"$argon2i$v=19$m=16,t=2,p=1$bGFiVFNkNkl6YldhMEZ2Mg$KoO4yuR++bGwD7EviELL+Q",Joshua,Owino,0725018940,OWNER,,VERIFIED,true,true,,,false
3170,aaron88@yahoo.com,"$argon2i$v=19$m=16,t=2,p=1$bGFiVFNkNkl6YldhMEZ2Mg$KoO4yuR++bGwD7EviELL+Q",Aaron,Wanyama,0798027034,OWNER,,VERIFIED,true,true,,,false
3171,joshua64@yahoo.com,"$argon2i$v=19$m=16,t=2,p=1$bGFiVFNkNkl6YldhMEZ2Mg$KoO4yuR++bGwD7EviELL+Q",Joshua,Mutua,0714363600,OWNER,,VERIFIED,true,true,,,false
3173,thaddeus@gmail.com,"$argon2i$v=19$m=16,t=2,p=1$bGFiVFNkNkl6YldhMEZ2Mg$KoO4yuR++bGwD7EviELL+Q",Thaddeus,Wangari,0764282651,OWNER,,VERIFIED,true,true,,,false
3174,miriam91@gmail.com,"$argon2i$v=19$m=16,t=2,p=1$bGFiVFNkNkl6YldhMEZ2Mg$KoO4yuR++bGwD7EviELL+Q",Miriam,Kipsang,0790322022,OWNER,,VERIFIED,true,true,,,false
3175,phoebe@gmail.com,"$argon2i$v=19$m=16,t=2,p=1$bGFiVFNkNkl6YldhMEZ2Mg$KoO4yuR++bGwD7EviELL+Q",Phoebe,Ruto,0760044446,OWNER,,VERIFIED,true,true,,,false
3179,cc_kis@yahoo.com,"$argon2i$v=19$m=16,t=2,p=1$bGFiVFNkNkl6YldhMEZ2Mg$KoO4yuR++bGwD7EviELL+Q",Joanna,Kariuki,0757224928,OWNER,,VERIFIED,true,true,,,false
3181,cgnair@yahoo.com,"$argon2i$v=19$m=16,t=2,p=1$bGFiVFNkNkl6YldhMEZ2Mg$KoO4yuR++bGwD7EviELL+Q",Luke,Gichuru,0748886614,OWNER,,VERIFIED,true,true,,,false
3182,cmnair@gmail.com,"$argon2i$v=19$m=16,t=2,p=1$bGFiVFNkNkl6YldhMEZ2Mg$KoO4yuR++bGwD7EviELL+Q",Tabitha,Cheruiyot,0729680034,OWNER,,VERIFIED,true,true,,,false
3183,ruth@yahoo.com,"$argon2i$v=19$m=16,t=2,p=1$bGFiVFNkNkl6YldhMEZ2Mg$KoO4yuR++bGwD7EviELL+Q",Ruth,Kivutha,0773552779,OWNER,,VERIFIED,true,true,,,false
3186,miriam60@yahoo.com,"$argon2i$v=19$m=16,t=2,p=1$bGFiVFNkNkl6YldhMEZ2Mg$KoO4yuR++bGwD7EviELL+Q",Miriam,Monyancha,0776161295,OWNER,,VERIFIED,true,true,,,false
3187,leah9@gmail.com,"$argon2i$v=19$m=16,t=2,p=1$bGFiVFNkNkl6YldhMEZ2Mg$KoO4yuR++bGwD7EviELL+Q",Leah,Wainaina,0785712393,OWNER,,VERIFIED,true,true,,,false
3188,reuben@gmail.com,"$argon2i$v=19$m=16,t=2,p=1$bGFiVFNkNkl6YldhMEZ2Mg$KoO4yuR++bGwD7EviELL+Q",Reuben,Wanjiru,0748541318,OWNER,,VERIFIED,true,true,,,false
3190,titus86@yahoo.com,"$argon2i$v=19$m=16,t=2,p=1$bGFiVFNkNkl6YldhMEZ2Mg$KoO4yuR++bGwD7EviELL+Q",Titus,Koech,0758141637,OWNER,,VERIFIED,true,true,,,false
3191,caleb13@gmail.com,"$argon2i$v=19$m=16,t=2,p=1$bGFiVFNkNkl6YldhMEZ2Mg$KoO4yuR++bGwD7EviELL+Q",Caleb,Odinga,0726915172,OWNER,,VERIFIED,true,true,,,false
3192,leah82@gmail.com,"$argon2i$v=19$m=16,t=2,p=1$bGFiVFNkNkl6YldhMEZ2Mg$KoO4yuR++bGwD7EviELL+Q",Leah,Muiruri,0729894492,OWNER,,VERIFIED,true,true,,,false
3193,canair@yahoo.com,"$argon2i$v=19$m=16,t=2,p=1$bGFiVFNkNkl6YldhMEZ2Mg$KoO4yuR++bGwD7EviELL+Q",Jacob,Wainaina,0752896783,OWNER,,VERIFIED,true,true,,,false
3194,abraham@gmail.com,"$argon2i$v=19$m=16,t=2,p=1$bGFiVFNkNkl6YldhMEZ2Mg$KoO4yuR++bGwD7EviELL+Q",Abraham,Musila,0796368009,OWNER,,VERIFIED,true,true,,,false
3196,dpnair@yahoo.com,"$argon2i$v=19$m=16,t=2,p=1$bGFiVFNkNkl6YldhMEZ2Mg$KoO4yuR++bGwD7EviELL+Q",Leah,Marube,0749523790,OWNER,,VERIFIED,true,true,,,false
3197,rachel@gmail.com,"$argon2i$v=19$m=16,t=2,p=1$bGFiVFNkNkl6YldhMEZ2Mg$KoO4yuR++bGwD7EviELL+Q",Rachel,Gichuru,0766345008,OWNER,,VERIFIED,true,true,,,false
3198,jesse@yahoo.com,"$argon2i$v=19$m=16,t=2,p=1$bGFiVFNkNkl6YldhMEZ2Mg$KoO4yuR++bGwD7EviELL+Q",Jesse,Mutua,0730259497,OWNER,,VERIFIED,true,true,,,false
3199,philip@gmail.com,"$argon2i$v=19$m=16,t=2,p=1$bGFiVFNkNkl6YldhMEZ2Mg$KoO4yuR++bGwD7EviELL+Q",Philip,Khisa,0788922728,OWNER,,VERIFIED,true,true,,,false
3200,dlnair@yahoo.com,"$argon2i$v=19$m=16,t=2,p=1$bGFiVFNkNkl6YldhMEZ2Mg$KoO4yuR++bGwD7EviELL+Q",Noah,Muli,0783272208,OWNER,,VERIFIED,true,true,,,false
3201,gracer@gmail.com,"$argon2i$v=19$m=16,t=2,p=1$bGFiVFNkNkl6YldhMEZ2Mg$KoO4yuR++bGwD7EviELL+Q",Grace,Kisilu,0778317896,OWNER,,VERIFIED,true,true,,,false
3202,dpnair@gmail.com,"$argon2i$v=19$m=16,t=2,p=1$bGFiVFNkNkl6YldhMEZ2Mg$KoO4yuR++bGwD7EviELL+Q",Zachary,Mukhisa,0774196074,OWNER,,VERIFIED,true,true,,,false
3203,sarah@gmail.com,"$argon2i$v=19$m=16,t=2,p=1$bGFiVFNkNkl6YldhMEZ2Mg$KoO4yuR++bGwD7EviELL+Q",Sarah,Ochieng,0758443653,OWNER,,VERIFIED,true,true,,,false
3204,sarah70@yahoo.com,"$argon2i$v=19$m=16,t=2,p=1$bGFiVFNkNkl6YldhMEZ2Mg$KoO4yuR++bGwD7EviELL+Q",Sarah,Koech,0773752881,OWNER,,VERIFIED,true,true,,,false
3205,abrahamr@gmail.com,"$argon2i$v=19$m=16,t=2,p=1$bGFiVFNkNkl6YldhMEZ2Mg$KoO4yuR++bGwD7EviELL+Q",Abraham,Mutua,0756646116,OWNER,,VERIFIED,true,true,,,false
3206,esther@yahoo.com,"$argon2i$v=19$m=16,t=2,p=1$bGFiVFNkNkl6YldhMEZ2Mg$KoO4yuR++bGwD7EviELL+Q",Esther,Nanjala,0798616158,OWNER,,VERIFIED,true,true,,,false
3209,dcnair@yahoo.com,"$argon2i$v=19$m=16,t=2,p=1$bGFiVFNkNkl6YldhMEZ2Mg$KoO4yuR++bGwD7EviELL+Q",Reuben,Ouma,0765330736,OWNER,,VERIFIED,true,true,,,false
3210,zachary@yahoo.com,"$argon2i$v=19$m=16,t=2,p=1$bGFiVFNkNkl6YldhMEZ2Mg$KoO4yuR++bGwD7EviELL+Q",Zachary,Lusaka,0723111256,OWNER,,VERIFIED,true,true,,,false
3212,ruth@gmail.com,"$argon2i$v=19$m=16,t=2,p=1$bGFiVFNkNkl6YldhMEZ2Mg$KoO4yuR++bGwD7EviELL+Q",Ruth,Ruto,0754530791,OWNER,,VERIFIED,true,true,,,false
3213,ethan@gmail.com,"$argon2i$v=19$m=16,t=2,p=1$bGFiVFNkNkl6YldhMEZ2Mg$KoO4yuR++bGwD7EviELL+Q",Ethan,Mwanzia,0744478066,OWNER,,VERIFIED,true,true,,,false
3215,phoebe@yahoo.com,"$argon2i$v=19$m=16,t=2,p=1$bGFiVFNkNkl6YldhMEZ2Mg$KoO4yuR++bGwD7EviELL+Q",Phoebe,Wekesa,0774277150,OWNER,,VERIFIED,true,true,,,false
3216,dcchem@yahoo.com,"$argon2i$v=19$m=16,t=2,p=1$bGFiVFNkNkl6YldhMEZ2Mg$KoO4yuR++bGwD7EviELL+Q",Rachel,Odinga,0718588630,OWNER,,VERIFIED,true,true,,,false
3217,nathan@yahoo.com,"$argon2i$v=19$m=16,t=2,p=1$bGFiVFNkNkl6YldhMEZ2Mg$KoO4yuR++bGwD7EviELL+Q",Nathan,Wangari,0725835103,OWNER,,VERIFIED,true,true,,,false
3218,samuelr@yahoo.com,"$argon2i$v=19$m=16,t=2,p=1$bGFiVFNkNkl6YldhMEZ2Mg$KoO4yuR++bGwD7EviELL+Q",Samuel,Ngugi,0716805808,OWNER,,VERIFIED,true,true,,,false
3219,dcnair@gmail.com,"$argon2i$v=19$m=16,t=2,p=1$bGFiVFNkNkl6YldhMEZ2Mg$KoO4yuR++bGwD7EviELL+Q",Ruth,Marube,0748953050,OWNER,,VERIFIED,true,true,,,false
3220,denair@gmail.com,"$argon2i$v=19$m=16,t=2,p=1$bGFiVFNkNkl6YldhMEZ2Mg$KoO4yuR++bGwD7EviELL+Q",Abraham,Gichuru,0727429475,OWNER,,VERIFIED,true,true,,,false
3222,dknair@gmail.com,"$argon2i$v=19$m=16,t=2,p=1$bGFiVFNkNkl6YldhMEZ2Mg$KoO4yuR++bGwD7EviELL+Q",David,Machogu,0776990932,OWNER,,VERIFIED,true,true,,,false
3223,dmnair@yahoo.com,"$argon2i$v=19$m=16,t=2,p=1$bGFiVFNkNkl6YldhMEZ2Mg$KoO4yuR++bGwD7EviELL+Q",Priscilla,Kipruto,0733326351,OWNER,,VERIFIED,true,true,,,false
3225,micahr@yahoo.com,"$argon2i$v=19$m=16,t=2,p=1$bGFiVFNkNkl6YldhMEZ2Mg$KoO4yuR++bGwD7EviELL+Q",Micah,Kivutha,0773632118,OWNER,,VERIFIED,true,true,,,false
3228,solomon@yahoo.com,"$argon2i$v=19$m=16,t=2,p=1$bGFiVFNkNkl6YldhMEZ2Mg$KoO4yuR++bGwD7EviELL+Q",Solomon,Lusaka,0769623450,OWNER,,VERIFIED,true,true,,,false
3229,seth49@yahoo.com,"$argon2i$v=19$m=16,t=2,p=1$bGFiVFNkNkl6YldhMEZ2Mg$KoO4yuR++bGwD7EviELL+Q",Seth,Ouko,0744371082,OWNER,,VERIFIED,true,true,,,false
3231,dgphar@yahoo.com,"$argon2i$v=19$m=16,t=2,p=1$bGFiVFNkNkl6YldhMEZ2Mg$KoO4yuR++bGwD7EviELL+Q",Seth,Nanjala,0713525323,OWNER,,VERIFIED,true,true,,,false
3232,delilah@gmail.com,"$argon2i$v=19$m=16,t=2,p=1$bGFiVFNkNkl6YldhMEZ2Mg$KoO4yuR++bGwD7EviELL+Q",Delilah,Wanyama,0796726032,OWNER,,VERIFIED,true,true,,,false
3234,sarah@yahoo.com,"$argon2i$v=19$m=16,t=2,p=1$bGFiVFNkNkl6YldhMEZ2Mg$KoO4yuR++bGwD7EviELL+Q",Sarah,Okello,0746438402,OWNER,,VERIFIED,true,true,,,false
3236,luke@yahoo.com,"$argon2i$v=19$m=16,t=2,p=1$bGFiVFNkNkl6YldhMEZ2Mg$KoO4yuR++bGwD7EviELL+Q",Luke,Mochoge,0773705129,OWNER,,VERIFIED,true,true,,,false
3237,stephen@gmail.com,"$argon2i$v=19$m=16,t=2,p=1$bGFiVFNkNkl6YldhMEZ2Mg$KoO4yuR++bGwD7EviELL+Q",Stephen,Muthama,0788413775,OWNER,,VERIFIED,true,true,,,false
3240,dpphar@yahoo.com,"$argon2i$v=19$m=16,t=2,p=1$bGFiVFNkNkl6YldhMEZ2Mg$KoO4yuR++bGwD7EviELL+Q",Adam,Ongeri,0777496593,OWNER,,VERIFIED,true,true,,,false
3241,titus@yahoo.com,"$argon2i$v=19$m=16,t=2,p=1$bGFiVFNkNkl6YldhMEZ2Mg$KoO4yuR++bGwD7EviELL+Q",Titus,Ratemo,0781651397,OWNER,,VERIFIED,true,true,,,false
3245,dlnair@gmail.com,"$argon2i$v=19$m=16,t=2,p=1$bGFiVFNkNkl6YldhMEZ2Mg$KoO4yuR++bGwD7EviELL+Q",Solomon,Njoroge,0774569448,OWNER,,VERIFIED,true,true,,,false
3247,markr@gmail.com,"$argon2i$v=19$m=16,t=2,p=1$bGFiVFNkNkl6YldhMEZ2Mg$KoO4yuR++bGwD7EviELL+Q",Mark,Otieno,0745649782,OWNER,,VERIFIED,true,true,,,false
3248,dnnair@gmail.com,"$argon2i$v=19$m=16,t=2,p=1$bGFiVFNkNkl6YldhMEZ2Mg$KoO4yuR++bGwD7EviELL+Q",Sarah,Musila,0794925099,OWNER,,VERIFIED,true,true,,,false
3249,dsnair@gmail.com,"$argon2i$v=19$m=16,t=2,p=1$bGFiVFNkNkl6YldhMEZ2Mg$KoO4yuR++bGwD7EviELL+Q",Samuel,Ruto,0772843829,OWNER,,VERIFIED,true,true,,,false
3251,dnphar@yahoo.com,"$argon2i$v=19$m=16,t=2,p=1$bGFiVFNkNkl6YldhMEZ2Mg$KoO4yuR++bGwD7EviELL+Q",Sarah,Cheruiyot,0723376630,OWNER,,VERIFIED,true,true,,,false
3253,deborah95@gmail.com,"$argon2i$v=19$m=16,t=2,p=1$bGFiVFNkNkl6YldhMEZ2Mg$KoO4yuR++bGwD7EviELL+Q",Deborah,Omari,0794096450,OWNER,,VERIFIED,true,true,,,false
3254,mark64@yahoo.com,"$argon2i$v=19$m=16,t=2,p=1$bGFiVFNkNkl6YldhMEZ2Mg$KoO4yuR++bGwD7EviELL+Q",Mark,Monyancha,0748300007,OWNER,,VERIFIED,true,true,,,false
3256,esnair@yahoo.com,"$argon2i$v=19$m=16,t=2,p=1$bGFiVFNkNkl6YldhMEZ2Mg$KoO4yuR++bGwD7EviELL+Q",Priscilla,Kivutha,0746904919,OWNER,,VERIFIED,true,true,,,false
3257,miriam98@yahoo.com,"$argon2i$v=19$m=16,t=2,p=1$bGFiVFNkNkl6YldhMEZ2Mg$KoO4yuR++bGwD7EviELL+Q",Miriam,Odhiambo,0759701270,OWNER,,VERIFIED,true,true,,,false
3259,epnair@gmail.com,"$argon2i$v=19$m=16,t=2,p=1$bGFiVFNkNkl6YldhMEZ2Mg$KoO4yuR++bGwD7EviELL+Q",Sarah,Ouko,0727053186,OWNER,,VERIFIED,true,true,,,false
3260,epnair@yahoo.com,"$argon2i$v=19$m=16,t=2,p=1$bGFiVFNkNkl6YldhMEZ2Mg$KoO4yuR++bGwD7EviELL+Q",Michael,Muli,0772343222,OWNER,,VERIFIED,true,true,,,false
3262,leah@yahoo.com,"$argon2i$v=19$m=16,t=2,p=1$bGFiVFNkNkl6YldhMEZ2Mg$KoO4yuR++bGwD7EviELL+Q",Leah,Shikuku,0732701492,OWNER,,VERIFIED,true,true,,,false
3265,tabitha9@yahoo.com,"$argon2i$v=19$m=16,t=2,p=1$bGFiVFNkNkl6YldhMEZ2Mg$KoO4yuR++bGwD7EviELL+Q",Tabitha,Ngugi,0791502103,OWNER,,VERIFIED,true,true,,,false
3268,rebekah@gmail.com,"$argon2i$v=19$m=16,t=2,p=1$bGFiVFNkNkl6YldhMEZ2Mg$KoO4yuR++bGwD7EviELL+Q",Rebekah,Ratemo,0765046601,OWNER,,VERIFIED,true,true,,,false
3269,matthewr@gmail.com,"$argon2i$v=19$m=16,t=2,p=1$bGFiVFNkNkl6YldhMEZ2Mg$KoO4yuR++bGwD7EviELL+Q",Matthew,Kamau,0732371713,OWNER,,VERIFIED,true,true,,,false
3270,nathan@gmail.com,"$argon2i$v=19$m=16,t=2,p=1$bGFiVFNkNkl6YldhMEZ2Mg$KoO4yuR++bGwD7EviELL+Q",Nathan,Marube,0795854812,OWNER,,VERIFIED,true,true,,,false
3271,ecnair@yahoo.com,"$argon2i$v=19$m=16,t=2,p=1$bGFiVFNkNkl6YldhMEZ2Mg$KoO4yuR++bGwD7EviELL+Q",Paul,Kipchoge,0721310873,OWNER,,VERIFIED,true,true,,,false
3275,seth@gmail.com,"$argon2i$v=19$m=16,t=2,p=1$bGFiVFNkNkl6YldhMEZ2Mg$KoO4yuR++bGwD7EviELL+Q",Seth,Kariuki,0738816330,OWNER,,VERIFIED,true,true,,,false
3276,ecnair@gmail.com,"$argon2i$v=19$m=16,t=2,p=1$bGFiVFNkNkl6YldhMEZ2Mg$KoO4yuR++bGwD7EviELL+Q",Rachel,Wanyama,0767605270,OWNER,,VERIFIED,true,true,,,false
3278,thaddeus57@yahoo.com,"$argon2i$v=19$m=16,t=2,p=1$bGFiVFNkNkl6YldhMEZ2Mg$KoO4yuR++bGwD7EviELL+Q",Thaddeus,Ratemo,0713943962,OWNER,,VERIFIED,true,true,,,false
3280,david70@gmail.com,"$argon2i$v=19$m=16,t=2,p=1$bGFiVFNkNkl6YldhMEZ2Mg$KoO4yuR++bGwD7EviELL+Q",David,Mochoge,0737731845,OWNER,,VERIFIED,true,true,,,false
3284,ehnair@yahoo.com,"$argon2i$v=19$m=16,t=2,p=1$bGFiVFNkNkl6YldhMEZ2Mg$KoO4yuR++bGwD7EviELL+Q",Abraham,Kiptoo,0798358261,OWNER,,VERIFIED,true,true,,,false
3285,peter@yahoo.com,"$argon2i$v=19$m=16,t=2,p=1$bGFiVFNkNkl6YldhMEZ2Mg$KoO4yuR++bGwD7EviELL+Q",Peter,Barasa,0722859052,OWNER,,VERIFIED,true,true,,,false
3287,jesse25@yahoo.com,"$argon2i$v=19$m=16,t=2,p=1$bGFiVFNkNkl6YldhMEZ2Mg$KoO4yuR++bGwD7EviELL+Q",Jesse,Ouko,0722718673,OWNER,,VERIFIED,true,true,,,false
3289,zachary98@yahoo.com,"$argon2i$v=19$m=16,t=2,p=1$bGFiVFNkNkl6YldhMEZ2Mg$KoO4yuR++bGwD7EviELL+Q",Zachary,Mochoge,0769065335,OWNER,,VERIFIED,true,true,,,false
3290,timothy@gmail.com,"$argon2i$v=19$m=16,t=2,p=1$bGFiVFNkNkl6YldhMEZ2Mg$KoO4yuR++bGwD7EviELL+Q",Timothy,Nyakundi,0765389003,OWNER,,VERIFIED,true,true,,,false
3292,estherr@yahoo.com,"$argon2i$v=19$m=16,t=2,p=1$bGFiVFNkNkl6YldhMEZ2Mg$KoO4yuR++bGwD7EviELL+Q",Esther,Nyakundi,0716980995,OWNER,,VERIFIED,true,true,,,false
3294,mary82@yahoo.com,"$argon2i$v=19$m=16,t=2,p=1$bGFiVFNkNkl6YldhMEZ2Mg$KoO4yuR++bGwD7EviELL+Q",Mary,Musyoka,0761848872,OWNER,,VERIFIED,true,true,,,false
3295,epphar@gmail.com,"$argon2i$v=19$m=16,t=2,p=1$bGFiVFNkNkl6YldhMEZ2Mg$KoO4yuR++bGwD7EviELL+Q",David,Khisa,0759299867,OWNER,,VERIFIED,true,true,,,false
3297,ecchem@yahoo.com,"$argon2i$v=19$m=16,t=2,p=1$bGFiVFNkNkl6YldhMEZ2Mg$KoO4yuR++bGwD7EviELL+Q",Jude,Gichuru,0713015653,OWNER,,VERIFIED,true,true,,,false
3298,peterr@yahoo.com,"$argon2i$v=19$m=16,t=2,p=1$bGFiVFNkNkl6YldhMEZ2Mg$KoO4yuR++bGwD7EviELL+Q",Peter,Machogu,0718704062,OWNER,,VERIFIED,true,true,,,false
3299,noah83@gmail.com,"$argon2i$v=19$m=16,t=2,p=1$bGFiVFNkNkl6YldhMEZ2Mg$KoO4yuR++bGwD7EviELL+Q",Noah,Wangari,0714336642,OWNER,,VERIFIED,true,true,,,false
3301,ecchem@gmail.com,"$argon2i$v=19$m=16,t=2,p=1$bGFiVFNkNkl6YldhMEZ2Mg$KoO4yuR++bGwD7EviELL+Q",Matthew,Wangari,0751470635,OWNER,,VERIFIED,true,true,,,false
3306,silas@yahoo.com,"$argon2i$v=19$m=16,t=2,p=1$bGFiVFNkNkl6YldhMEZ2Mg$KoO4yuR++bGwD7EviELL+Q",Silas,Cherono,0740786690,OWNER,,VERIFIED,true,true,,,false
3307,fpnair@yahoo.com,"$argon2i$v=19$m=16,t=2,p=1$bGFiVFNkNkl6YldhMEZ2Mg$KoO4yuR++bGwD7EviELL+Q",Deborah,Lusaka,0743633197,OWNER,,VERIFIED,true,true,,,false
3309,ffnair@yahoo.com,"$argon2i$v=19$m=16,t=2,p=1$bGFiVFNkNkl6YldhMEZ2Mg$KoO4yuR++bGwD7EviELL+Q",Ruth,Monyancha,0717275158,OWNER,,VERIFIED,true,true,,,false
3310,tabitha@gmail.com,"$argon2i$v=19$m=16,t=2,p=1$bGFiVFNkNkl6YldhMEZ2Mg$KoO4yuR++bGwD7EviELL+Q",Tabitha,Machogu,0783172696,OWNER,,VERIFIED,true,true,,,false
3311,fpnair@gmail.com,"$argon2i$v=19$m=16,t=2,p=1$bGFiVFNkNkl6YldhMEZ2Mg$KoO4yuR++bGwD7EviELL+Q",Adam,Gichuru,0798077114,OWNER,,VERIFIED,true,true,,,false
3313,matthew72@gmail.com,"$argon2i$v=19$m=16,t=2,p=1$bGFiVFNkNkl6YldhMEZ2Mg$KoO4yuR++bGwD7EviELL+Q",Matthew,Kipchoge,0732168842,OWNER,,VERIFIED,true,true,,,false
3314,naomi@yahoo.com,"$argon2i$v=19$m=16,t=2,p=1$bGFiVFNkNkl6YldhMEZ2Mg$KoO4yuR++bGwD7EviELL+Q",Naomi,Mwangi,0744171428,OWNER,,VERIFIED,true,true,,,false
3315,mark23@yahoo.com,"$argon2i$v=19$m=16,t=2,p=1$bGFiVFNkNkl6YldhMEZ2Mg$KoO4yuR++bGwD7EviELL+Q",Mark,Barasa,0749930340,OWNER,,VERIFIED,true,true,,,false
3317,fcnair@yahoo.com,"$argon2i$v=19$m=16,t=2,p=1$bGFiVFNkNkl6YldhMEZ2Mg$KoO4yuR++bGwD7EviELL+Q",Sarah,Ngui,0737957058,OWNER,,VERIFIED,true,true,,,false
3319,ftnair@gmail.com,"$argon2i$v=19$m=16,t=2,p=1$bGFiVFNkNkl6YldhMEZ2Mg$KoO4yuR++bGwD7EviELL+Q",Naomi,Barasa,0764856987,OWNER,,VERIFIED,true,true,,,false
3323,fhnair@gmail.com,"$argon2i$v=19$m=16,t=2,p=1$bGFiVFNkNkl6YldhMEZ2Mg$KoO4yuR++bGwD7EviELL+Q",Jonathan,Mokua,0725385532,OWNER,,VERIFIED,true,true,,,false
3325,titusr@yahoo.com,"$argon2i$v=19$m=16,t=2,p=1$bGFiVFNkNkl6YldhMEZ2Mg$KoO4yuR++bGwD7EviELL+Q",Titus,Kiptoo,0741741391,OWNER,,VERIFIED,true,true,,,false
3326,sarahr@gmail.com,"$argon2i$v=19$m=16,t=2,p=1$bGFiVFNkNkl6YldhMEZ2Mg$KoO4yuR++bGwD7EviELL+Q",Sarah,Mwangi,0732719730,OWNER,,VERIFIED,true,true,,,false
3327,fcnair@gmail.com,"$argon2i$v=19$m=16,t=2,p=1$bGFiVFNkNkl6YldhMEZ2Mg$KoO4yuR++bGwD7EviELL+Q",Joanna,Kilonzo,0723261706,OWNER,,VERIFIED,true,true,,,false
3330,gpnair@yahoo.com,"$argon2i$v=19$m=16,t=2,p=1$bGFiVFNkNkl6YldhMEZ2Mg$KoO4yuR++bGwD7EviELL+Q",Mary,Mwangi,0722979097,OWNER,,VERIFIED,true,true,,,false
3332,gcnair@yahoo.com,"$argon2i$v=19$m=16,t=2,p=1$bGFiVFNkNkl6YldhMEZ2Mg$KoO4yuR++bGwD7EviELL+Q",Eve,Khisa,0781442313,OWNER,,VERIFIED,true,true,,,false
3333,reuben@yahoo.com,"$argon2i$v=19$m=16,t=2,p=1$bGFiVFNkNkl6YldhMEZ2Mg$KoO4yuR++bGwD7EviELL+Q",Reuben,Lusaka,0780787264,OWNER,,VERIFIED,true,true,,,false
3334,mosesr@gmail.com,"$argon2i$v=19$m=16,t=2,p=1$bGFiVFNkNkl6YldhMEZ2Mg$KoO4yuR++bGwD7EviELL+Q",Moses,Otieno,0773013164,OWNER,,VERIFIED,true,true,,,false
3335,deborah98@gmail.com,"$argon2i$v=19$m=16,t=2,p=1$bGFiVFNkNkl6YldhMEZ2Mg$KoO4yuR++bGwD7EviELL+Q",Deborah,Muiruri,0741485225,OWNER,,VERIFIED,true,true,,,false
3338,gpnair@gmail.com,"$argon2i$v=19$m=16,t=2,p=1$bGFiVFNkNkl6YldhMEZ2Mg$KoO4yuR++bGwD7EviELL+Q",Jacob,Mudavadi,0778706088,OWNER,,VERIFIED,true,true,,,false
3341,mark53@gmail.com,"$argon2i$v=19$m=16,t=2,p=1$bGFiVFNkNkl6YldhMEZ2Mg$KoO4yuR++bGwD7EviELL+Q",Mark,Kisilu,0765824964,OWNER,,VERIFIED,true,true,,,false
3342,rebecca@yahoo.com,"$argon2i$v=19$m=16,t=2,p=1$bGFiVFNkNkl6YldhMEZ2Mg$KoO4yuR++bGwD7EviELL+Q",Rebecca,Muthama,0797991445,OWNER,,VERIFIED,true,true,,,false
3344,gcnair@gmail.com,"$argon2i$v=19$m=16,t=2,p=1$bGFiVFNkNkl6YldhMEZ2Mg$KoO4yuR++bGwD7EviELL+Q",Lydia,Wanyama,0736945633,OWNER,,VERIFIED,true,true,,,false
3345,rachel@yahoo.com,"$argon2i$v=19$m=16,t=2,p=1$bGFiVFNkNkl6YldhMEZ2Mg$KoO4yuR++bGwD7EviELL+Q",Rachel,Okello,0761477365,OWNER,,VERIFIED,true,true,,,false
3349,joanna90@yahoo.com,"$argon2i$v=19$m=16,t=2,p=1$bGFiVFNkNkl6YldhMEZ2Mg$KoO4yuR++bGwD7EviELL+Q",Joanna,Kisilu,0713773077,OWNER,,VERIFIED,true,true,,,false
3351,luke73@yahoo.com,"$argon2i$v=19$m=16,t=2,p=1$bGFiVFNkNkl6YldhMEZ2Mg$KoO4yuR++bGwD7EviELL+Q",Luke,Mogaka,0772182717,OWNER,,VERIFIED,true,true,,,false
3352,matthew@gmail.com,"$argon2i$v=19$m=16,t=2,p=1$bGFiVFNkNkl6YldhMEZ2Mg$KoO4yuR++bGwD7EviELL+Q",Matthew,Ochieng,0752117917,OWNER,,VERIFIED,true,true,,,false
3353,jonathanr@gmail.com,"$argon2i$v=19$m=16,t=2,p=1$bGFiVFNkNkl6YldhMEZ2Mg$KoO4yuR++bGwD7EviELL+Q",Jonathan,Owino,0778150718,OWNER,,VERIFIED,true,true,,,false
3356,grphar@yahoo.com,"$argon2i$v=19$m=16,t=2,p=1$bGFiVFNkNkl6YldhMEZ2Mg$KoO4yuR++bGwD7EviELL+Q",Jesse,Monyancha,0783116004,OWNER,,VERIFIED,true,true,,,false
3359,leahr@yahoo.com,"$argon2i$v=19$m=16,t=2,p=1$bGFiVFNkNkl6YldhMEZ2Mg$KoO4yuR++bGwD7EviELL+Q",Leah,Odhiambo,0794980983,OWNER,,VERIFIED,true,true,,,false
3362,rebeccar@gmail.com,"$argon2i$v=19$m=16,t=2,p=1$bGFiVFNkNkl6YldhMEZ2Mg$KoO4yuR++bGwD7EviELL+Q",Rebecca,Odinga,0726587753,OWNER,,VERIFIED,true,true,,,false
3364,ethanr@yahoo.com,"$argon2i$v=19$m=16,t=2,p=1$bGFiVFNkNkl6YldhMEZ2Mg$KoO4yuR++bGwD7EviELL+Q",Ethan,Kiptoo,0712555011,OWNER,,VERIFIED,true,true,,,false
3365,levi39@gmail.com,"$argon2i$v=19$m=16,t=2,p=1$bGFiVFNkNkl6YldhMEZ2Mg$KoO4yuR++bGwD7EviELL+Q",Levi,Muiruri,0745855295,OWNER,,VERIFIED,true,true,,,false
3366,gsnair@yahoo.com,"$argon2i$v=19$m=16,t=2,p=1$bGFiVFNkNkl6YldhMEZ2Mg$KoO4yuR++bGwD7EviELL+Q",Martha,Muiruri,0744063509,OWNER,,VERIFIED,true,true,,,false
3368,reubenr@yahoo.com,"$argon2i$v=19$m=16,t=2,p=1$bGFiVFNkNkl6YldhMEZ2Mg$KoO4yuR++bGwD7EviELL+Q",Reuben,Marube,0739517541,OWNER,,VERIFIED,true,true,,,false
3370,esther@gmail.com,"$argon2i$v=19$m=16,t=2,p=1$bGFiVFNkNkl6YldhMEZ2Mg$KoO4yuR++bGwD7EviELL+Q",Esther,Kilonzo,0747410013,OWNER,,VERIFIED,true,true,,,false
3371,rebecca36@gmail.com,"$argon2i$v=19$m=16,t=2,p=1$bGFiVFNkNkl6YldhMEZ2Mg$KoO4yuR++bGwD7EviELL+Q",Rebecca,Ongeri,0713883310,OWNER,,VERIFIED,true,true,,,false
3375,zachary@gmail.com,"$argon2i$v=19$m=16,t=2,p=1$bGFiVFNkNkl6YldhMEZ2Mg$KoO4yuR++bGwD7EviELL+Q",Zachary,Odhiambo,0775686160,OWNER,,VERIFIED,true,true,,,false
3377,gpmall@yahoo.com,"$argon2i$v=19$m=16,t=2,p=1$bGFiVFNkNkl6YldhMEZ2Mg$KoO4yuR++bGwD7EviELL+Q",Rebekah,Nanjala,0714421359,OWNER,,VERIFIED,true,true,,,false
3378,caleb44@yahoo.com,"$argon2i$v=19$m=16,t=2,p=1$bGFiVFNkNkl6YldhMEZ2Mg$KoO4yuR++bGwD7EviELL+Q",Caleb,Shikuku,0727107281,OWNER,,VERIFIED,true,true,,,false
3380,lydia@yahoo.com,"$argon2i$v=19$m=16,t=2,p=1$bGFiVFNkNkl6YldhMEZ2Mg$KoO4yuR++bGwD7EviELL+Q",Lydia,Ratemo,0714688250,OWNER,,VERIFIED,true,true,,,false
3382,gpwest@yahoo.com,"$argon2i$v=19$m=16,t=2,p=1$bGFiVFNkNkl6YldhMEZ2Mg$KoO4yuR++bGwD7EviELL+Q",Levi,Mogaka,0760709116,OWNER,,VERIFIED,true,true,,,false
3385,jesser@gmail.com,"$argon2i$v=19$m=16,t=2,p=1$bGFiVFNkNkl6YldhMEZ2Mg$KoO4yuR++bGwD7EviELL+Q",Jesse,Kiptoo,0766502285,OWNER,,VERIFIED,true,true,,,false
3388,miriamr@gmail.com,"$argon2i$v=19$m=16,t=2,p=1$bGFiVFNkNkl6YldhMEZ2Mg$KoO4yuR++bGwD7EviELL+Q",Miriam,Cherono,0716191778,OWNER,,VERIFIED,true,true,,,false
3389,david@gmail.com,"$argon2i$v=19$m=16,t=2,p=1$bGFiVFNkNkl6YldhMEZ2Mg$KoO4yuR++bGwD7EviELL+Q",David,Wamalwa,0793034672,OWNER,,VERIFIED,true,true,,,false
3393,gabriel@gmail.com,"$argon2i$v=19$m=16,t=2,p=1$bGFiVFNkNkl6YldhMEZ2Mg$KoO4yuR++bGwD7EviELL+Q",Gabriel,Mokua,0744821465,OWNER,,VERIFIED,true,true,,,false
3394,silas90@gmail.com,"$argon2i$v=19$m=16,t=2,p=1$bGFiVFNkNkl6YldhMEZ2Mg$KoO4yuR++bGwD7EviELL+Q",Silas,Machogu,0772990945,OWNER,,VERIFIED,true,true,,,false
3395,delilahr@gmail.com,"$argon2i$v=19$m=16,t=2,p=1$bGFiVFNkNkl6YldhMEZ2Mg$KoO4yuR++bGwD7EviELL+Q",Delilah,Monyancha,0789363805,OWNER,,VERIFIED,true,true,,,false
3398,paul51@yahoo.com,"$argon2i$v=19$m=16,t=2,p=1$bGFiVFNkNkl6YldhMEZ2Mg$KoO4yuR++bGwD7EviELL+Q",Paul,Khisa,0788603943,OWNER,,VERIFIED,true,true,,,false
3399,esther87@yahoo.com,"$argon2i$v=19$m=16,t=2,p=1$bGFiVFNkNkl6YldhMEZ2Mg$KoO4yuR++bGwD7EviELL+Q",Esther,Kipchoge,0788534326,OWNER,,VERIFIED,true,true,,,false
3408,paulr@gmail.com,"$argon2i$v=19$m=16,t=2,p=1$bGFiVFNkNkl6YldhMEZ2Mg$KoO4yuR++bGwD7EviELL+Q",Paul,Kiptoo,0794226701,OWNER,,VERIFIED,true,true,,,false
3412,gtnair@gmail.com,"$argon2i$v=19$m=16,t=2,p=1$bGFiVFNkNkl6YldhMEZ2Mg$KoO4yuR++bGwD7EviELL+Q",Stephen,Ngugi,0723570349,OWNER,,VERIFIED,true,true,,,false
3413,philipr@yahoo.com,"$argon2i$v=19$m=16,t=2,p=1$bGFiVFNkNkl6YldhMEZ2Mg$KoO4yuR++bGwD7EviELL+Q",Philip,Mukhisa,0796817653,OWNER,,VERIFIED,true,true,,,false
3414,naomir@yahoo.com,"$argon2i$v=19$m=16,t=2,p=1$bGFiVFNkNkl6YldhMEZ2Mg$KoO4yuR++bGwD7EviELL+Q",Naomi,Monyancha,0780985872,OWNER,,VERIFIED,true,true,,,false
3418,danielr@yahoo.com,"$argon2i$v=19$m=16,t=2,p=1$bGFiVFNkNkl6YldhMEZ2Mg$KoO4yuR++bGwD7EviELL+Q",Daniel,Mukhisa,0773951364,OWNER,,VERIFIED,true,true,,,false
3419,lydia@gmail.com,"$argon2i$v=19$m=16,t=2,p=1$bGFiVFNkNkl6YldhMEZ2Mg$KoO4yuR++bGwD7EviELL+Q",Lydia,Musila,0710496589,OWNER,,VERIFIED,true,true,,,false
3420,susannah@yahoo.com,"$argon2i$v=19$m=16,t=2,p=1$bGFiVFNkNkl6YldhMEZ2Mg$KoO4yuR++bGwD7EviELL+Q",Susannah,Marube,0723024095,OWNER,,VERIFIED,true,true,,,false
3422,joshua@gmail.com,"$argon2i$v=19$m=16,t=2,p=1$bGFiVFNkNkl6YldhMEZ2Mg$KoO4yuR++bGwD7EviELL+Q",Joshua,Ngui,0783742195,OWNER,,VERIFIED,true,true,,,false
3424,solomon@gmail.com,"$argon2i$v=19$m=16,t=2,p=1$bGFiVFNkNkl6YldhMEZ2Mg$KoO4yuR++bGwD7EviELL+Q",Solomon,Ngugi,0724378351,OWNER,,VERIFIED,true,true,,,false
3425,hpnair@yahoo.com,"$argon2i$v=19$m=16,t=2,p=1$bGFiVFNkNkl6YldhMEZ2Mg$KoO4yuR++bGwD7EviELL+Q",Jesse,Muli,0716447487,OWNER,,VERIFIED,true,true,,,false
3426,noah16@gmail.com,"$argon2i$v=19$m=16,t=2,p=1$bGFiVFNkNkl6YldhMEZ2Mg$KoO4yuR++bGwD7EviELL+Q",Noah,Ochieng,0758593633,OWNER,,VERIFIED,true,true,,,false
3427,rebekahr@yahoo.com,"$argon2i$v=19$m=16,t=2,p=1$bGFiVFNkNkl6YldhMEZ2Mg$KoO4yuR++bGwD7EviELL+Q",Rebekah,Kisilu,0752014451,OWNER,,VERIFIED,true,true,,,false
3429,elijah22@gmail.com,"$argon2i$v=19$m=16,t=2,p=1$bGFiVFNkNkl6YldhMEZ2Mg$KoO4yuR++bGwD7EviELL+Q",Elijah,Cheruiyot,0723905997,OWNER,,VERIFIED,true,true,,,false
3430,levi@gmail.com,"$argon2i$v=19$m=16,t=2,p=1$bGFiVFNkNkl6YldhMEZ2Mg$KoO4yuR++bGwD7EviELL+Q",Levi,Musyoka,0724686908,OWNER,,VERIFIED,true,true,,,false
3432,hlnair@gmail.com,"$argon2i$v=19$m=16,t=2,p=1$bGFiVFNkNkl6YldhMEZ2Mg$KoO4yuR++bGwD7EviELL+Q",Sarah,Kipchoge,0725413121,OWNER,,VERIFIED,true,true,,,false
3433,elizabeth@gmail.com,"$argon2i$v=19$m=16,t=2,p=1$bGFiVFNkNkl6YldhMEZ2Mg$KoO4yuR++bGwD7EviELL+Q",Elizabeth,Njoroge,0773125423,OWNER,,VERIFIED,true,true,,,false
3434,matthew@yahoo.com,"$argon2i$v=19$m=16,t=2,p=1$bGFiVFNkNkl6YldhMEZ2Mg$KoO4yuR++bGwD7EviELL+Q",Matthew,Kiptoo,0730599490,OWNER,,VERIFIED,true,true,,,false
3435,hlnair@yahoo.com,"$argon2i$v=19$m=16,t=2,p=1$bGFiVFNkNkl6YldhMEZ2Mg$KoO4yuR++bGwD7EviELL+Q",Abigail,Kipchoge,0722733553,OWNER,,VERIFIED,true,true,,,false
3437,timothyr@yahoo.com,"$argon2i$v=19$m=16,t=2,p=1$bGFiVFNkNkl6YldhMEZ2Mg$KoO4yuR++bGwD7EviELL+Q",Timothy,Marube,0717498216,OWNER,,VERIFIED,true,true,,,false
3438,hpnair@gmail.com,"$argon2i$v=19$m=16,t=2,p=1$bGFiVFNkNkl6YldhMEZ2Mg$KoO4yuR++bGwD7EviELL+Q",Phoebe,Koech,0761922903,OWNER,,VERIFIED,true,true,,,false
3440,martha@yahoo.com,"$argon2i$v=19$m=16,t=2,p=1$bGFiVFNkNkl6YldhMEZ2Mg$KoO4yuR++bGwD7EviELL+Q",Martha,Chepkwony,0751490740,OWNER,,VERIFIED,true,true,,,false
3441,joseph@gmail.com,"$argon2i$v=19$m=16,t=2,p=1$bGFiVFNkNkl6YldhMEZ2Mg$KoO4yuR++bGwD7EviELL+Q",Joseph,Shikuku,0772136015,OWNER,,VERIFIED,true,true,,,false
3442,ruthr@gmail.com,"$argon2i$v=19$m=16,t=2,p=1$bGFiVFNkNkl6YldhMEZ2Mg$KoO4yuR++bGwD7EviELL+Q",Ruth,Mutua,0751437163,OWNER,,VERIFIED,true,true,,,false
3443,tabitha@yahoo.com,"$argon2i$v=19$m=16,t=2,p=1$bGFiVFNkNkl6YldhMEZ2Mg$KoO4yuR++bGwD7EviELL+Q",Tabitha,Mwanzia,0748620562,OWNER,,VERIFIED,true,true,,,false
3449,hanair@yahoo.com,"$argon2i$v=19$m=16,t=2,p=1$bGFiVFNkNkl6YldhMEZ2Mg$KoO4yuR++bGwD7EviELL+Q",Joanna,Shikuku,0786394400,OWNER,,VERIFIED,true,true,,,false
3452,rachel3@yahoo.com,"$argon2i$v=19$m=16,t=2,p=1$bGFiVFNkNkl6YldhMEZ2Mg$KoO4yuR++bGwD7EviELL+Q",Rachel,Otieno,0751155832,OWNER,,VERIFIED,true,true,,,false
3453,daniel@yahoo.com,"$argon2i$v=19$m=16,t=2,p=1$bGFiVFNkNkl6YldhMEZ2Mg$KoO4yuR++bGwD7EviELL+Q",Daniel,Ratemo,0748804110,OWNER,,VERIFIED,true,true,,,false
3454,hcnair@gmail.com,"$argon2i$v=19$m=16,t=2,p=1$bGFiVFNkNkl6YldhMEZ2Mg$KoO4yuR++bGwD7EviELL+Q",Jacob,Ngui,0778379593,OWNER,,VERIFIED,true,true,,,false
3457,hdnair@gmail.com,"$argon2i$v=19$m=16,t=2,p=1$bGFiVFNkNkl6YldhMEZ2Mg$KoO4yuR++bGwD7EviELL+Q",David,Wainaina,0762459520,OWNER,,VERIFIED,true,true,,,false
3467,jonathan@gmail.com,"$argon2i$v=19$m=16,t=2,p=1$bGFiVFNkNkl6YldhMEZ2Mg$KoO4yuR++bGwD7EviELL+Q",Jonathan,Muthama,0780746861,OWNER,,VERIFIED,true,true,,,false
3469,nathan35@yahoo.com,"$argon2i$v=19$m=16,t=2,p=1$bGFiVFNkNkl6YldhMEZ2Mg$KoO4yuR++bGwD7EviELL+Q",Nathan,Mokua,0744660775,OWNER,,VERIFIED,true,true,,,false
3475,hhnair@yahoo.com,"$argon2i$v=19$m=16,t=2,p=1$bGFiVFNkNkl6YldhMEZ2Mg$KoO4yuR++bGwD7EviELL+Q",Deborah,Marube,0732336397,OWNER,,VERIFIED,true,true,,,false
3476,solomon63@gmail.com,"$argon2i$v=19$m=16,t=2,p=1$bGFiVFNkNkl6YldhMEZ2Mg$KoO4yuR++bGwD7EviELL+Q",Solomon,Ongeri,0778665701,OWNER,,VERIFIED,true,true,,,false
3477,estherr@gmail.com,"$argon2i$v=19$m=16,t=2,p=1$bGFiVFNkNkl6YldhMEZ2Mg$KoO4yuR++bGwD7EviELL+Q",Esther,Kamau,0732490466,OWNER,,VERIFIED,true,true,,,false
3480,nathan75@gmail.com,"$argon2i$v=19$m=16,t=2,p=1$bGFiVFNkNkl6YldhMEZ2Mg$KoO4yuR++bGwD7EviELL+Q",Nathan,Mogaka,0738709357,OWNER,,VERIFIED,true,true,,,false
3484,ipnair@gmail.com,"$argon2i$v=19$m=16,t=2,p=1$bGFiVFNkNkl6YldhMEZ2Mg$KoO4yuR++bGwD7EviELL+Q",Mark,Gichuru,0713722986,OWNER,,VERIFIED,true,true,,,false
3490,ipnair@yahoo.com,"$argon2i$v=19$m=16,t=2,p=1$bGFiVFNkNkl6YldhMEZ2Mg$KoO4yuR++bGwD7EviELL+Q",Thaddeus,Omari,0749422859,OWNER,,VERIFIED,true,true,,,false
3491,hannah57@yahoo.com,"$argon2i$v=19$m=16,t=2,p=1$bGFiVFNkNkl6YldhMEZ2Mg$KoO4yuR++bGwD7EviELL+Q",Hannah,Wamalwa,0775862362,OWNER,,VERIFIED,true,true,,,false
3492,titus@gmail.com,"$argon2i$v=19$m=16,t=2,p=1$bGFiVFNkNkl6YldhMEZ2Mg$KoO4yuR++bGwD7EviELL+Q",Titus,Ngui,0713192593,OWNER,,VERIFIED,true,true,,,false
3493,lydiar@yahoo.com,"$argon2i$v=19$m=16,t=2,p=1$bGFiVFNkNkl6YldhMEZ2Mg$KoO4yuR++bGwD7EviELL+Q",Lydia,Muli,0733430054,OWNER,,VERIFIED,true,true,,,false
3494,jmnair@gmail.com,"$argon2i$v=19$m=16,t=2,p=1$bGFiVFNkNkl6YldhMEZ2Mg$KoO4yuR++bGwD7EviELL+Q",Elijah,Wamalwa,0759899501,OWNER,,VERIFIED,true,true,,,false
3495,jcnair@yahoo.com,"$argon2i$v=19$m=16,t=2,p=1$bGFiVFNkNkl6YldhMEZ2Mg$KoO4yuR++bGwD7EviELL+Q",Elisha,Omari,0750464877,OWNER,,VERIFIED,true,true,,,false
3498,jcnair@gmail.com,"$argon2i$v=19$m=16,t=2,p=1$bGFiVFNkNkl6YldhMEZ2Mg$KoO4yuR++bGwD7EviELL+Q",Adam,Omollo,0713075320,OWNER,,VERIFIED,true,true,,,false
3499,daniel10@gmail.com,"$argon2i$v=19$m=16,t=2,p=1$bGFiVFNkNkl6YldhMEZ2Mg$KoO4yuR++bGwD7EviELL+Q",Daniel,Kipruto,0777424847,OWNER,,VERIFIED,true,true,,,false
3501,maryr@gmail.com,"$argon2i$v=19$m=16,t=2,p=1$bGFiVFNkNkl6YldhMEZ2Mg$KoO4yuR++bGwD7EviELL+Q",Mary,Kariuki,0731667063,OWNER,,VERIFIED,true,true,,,false
3503,jdnair@yahoo.com,"$argon2i$v=19$m=16,t=2,p=1$bGFiVFNkNkl6YldhMEZ2Mg$KoO4yuR++bGwD7EviELL+Q",Hannah,Ruto,0793856561,OWNER,,VERIFIED,true,true,,,false
3505,levi@yahoo.com,"$argon2i$v=19$m=16,t=2,p=1$bGFiVFNkNkl6YldhMEZ2Mg$KoO4yuR++bGwD7EviELL+Q",Levi,Muli,0751570477,OWNER,,VERIFIED,true,true,,,false
3506,jtnair@yahoo.com,"$argon2i$v=19$m=16,t=2,p=1$bGFiVFNkNkl6YldhMEZ2Mg$KoO4yuR++bGwD7EviELL+Q",Noah,Wamalwa,0729018511,OWNER,,VERIFIED,true,true,,,false
3508,susannahr@gmail.com,"$argon2i$v=19$m=16,t=2,p=1$bGFiVFNkNkl6YldhMEZ2Mg$KoO4yuR++bGwD7EviELL+Q",Susannah,Kariuki,0728183388,OWNER,,VERIFIED,true,true,,,false
3510,jpnair@yahoo.com,"$argon2i$v=19$m=16,t=2,p=1$bGFiVFNkNkl6YldhMEZ2Mg$KoO4yuR++bGwD7EviELL+Q",Joanna,Ouma,0711338058,OWNER,,VERIFIED,true,true,,,false
3512,isaac@gmail.com,"$argon2i$v=19$m=16,t=2,p=1$bGFiVFNkNkl6YldhMEZ2Mg$KoO4yuR++bGwD7EviELL+Q",Isaac,Cherono,0740559628,OWNER,,VERIFIED,true,true,,,false
3513,caleb@yahoo.com,"$argon2i$v=19$m=16,t=2,p=1$bGFiVFNkNkl6YldhMEZ2Mg$KoO4yuR++bGwD7EviELL+Q",Caleb,Kariuki,0758580702,OWNER,,VERIFIED,true,true,,,false
3517,jacob25@yahoo.com,"$argon2i$v=19$m=16,t=2,p=1$bGFiVFNkNkl6YldhMEZ2Mg$KoO4yuR++bGwD7EviELL+Q",Jacob,Wekesa,0748612442,OWNER,,VERIFIED,true,true,,,false
3518,deborahr@gmail.com,"$argon2i$v=19$m=16,t=2,p=1$bGFiVFNkNkl6YldhMEZ2Mg$KoO4yuR++bGwD7EviELL+Q",Deborah,Ouko,0757023094,OWNER,,VERIFIED,true,true,,,false
3519,jpnair@gmail.com,"$argon2i$v=19$m=16,t=2,p=1$bGFiVFNkNkl6YldhMEZ2Mg$KoO4yuR++bGwD7EviELL+Q",Aaron,Chebet,0751734000,OWNER,,VERIFIED,true,true,,,false
3524,solomon8@yahoo.com,"$argon2i$v=19$m=16,t=2,p=1$bGFiVFNkNkl6YldhMEZ2Mg$KoO4yuR++bGwD7EviELL+Q",Solomon,Kiptoo,0790201881,OWNER,,VERIFIED,true,true,,,false
3525,jonathan78@gmail.com,"$argon2i$v=19$m=16,t=2,p=1$bGFiVFNkNkl6YldhMEZ2Mg$KoO4yuR++bGwD7EviELL+Q",Jonathan,Wekesa,0741787130,OWNER,,VERIFIED,true,true,,,false
3526,noah@yahoo.com,"$argon2i$v=19$m=16,t=2,p=1$bGFiVFNkNkl6YldhMEZ2Mg$KoO4yuR++bGwD7EviELL+Q",Noah,Mudavadi,0753695700,OWNER,,VERIFIED,true,true,,,false
3529,markr@yahoo.com,"$argon2i$v=19$m=16,t=2,p=1$bGFiVFNkNkl6YldhMEZ2Mg$KoO4yuR++bGwD7EviELL+Q",Mark,Mochoge,0731658617,OWNER,,VERIFIED,true,true,,,false
3530,sarah95@yahoo.com,"$argon2i$v=19$m=16,t=2,p=1$bGFiVFNkNkl6YldhMEZ2Mg$KoO4yuR++bGwD7EviELL+Q",Sarah,Kipruto,0731041558,OWNER,,VERIFIED,true,true,,,false
3532,micah46@gmail.com,"$argon2i$v=19$m=16,t=2,p=1$bGFiVFNkNkl6YldhMEZ2Mg$KoO4yuR++bGwD7EviELL+Q",Micah,Nanjala,0791662757,OWNER,,VERIFIED,true,true,,,false
3533,ethan@yahoo.com,"$argon2i$v=19$m=16,t=2,p=1$bGFiVFNkNkl6YldhMEZ2Mg$KoO4yuR++bGwD7EviELL+Q",Ethan,Nyakundi,0787954694,OWNER,,VERIFIED,true,true,,,false
3538,kmnair@gmail.com,"$argon2i$v=19$m=16,t=2,p=1$bGFiVFNkNkl6YldhMEZ2Mg$KoO4yuR++bGwD7EviELL+Q",Elizabeth,Kipsang,0723518369,OWNER,,VERIFIED,true,true,,,false
3539,elijah@yahoo.com,"$argon2i$v=19$m=16,t=2,p=1$bGFiVFNkNkl6YldhMEZ2Mg$KoO4yuR++bGwD7EviELL+Q",Elijah,Kipruto,0782273972,OWNER,,VERIFIED,true,true,,,false
3540,klnair@gmail.com,"$argon2i$v=19$m=16,t=2,p=1$bGFiVFNkNkl6YldhMEZ2Mg$KoO4yuR++bGwD7EviELL+Q",Seth,Barasa,0774866913,OWNER,,VERIFIED,true,true,,,false
3541,kpnair@gmail.com,"$argon2i$v=19$m=16,t=2,p=1$bGFiVFNkNkl6YldhMEZ2Mg$KoO4yuR++bGwD7EviELL+Q",Ezekiel,Ouma,0725393219,OWNER,,VERIFIED,true,true,,,false
3542,juder@yahoo.com,"$argon2i$v=19$m=16,t=2,p=1$bGFiVFNkNkl6YldhMEZ2Mg$KoO4yuR++bGwD7EviELL+Q",Jude,Mwangi,0727288063,OWNER,,VERIFIED,true,true,,,false
3543,silas@gmail.com,"$argon2i$v=19$m=16,t=2,p=1$bGFiVFNkNkl6YldhMEZ2Mg$KoO4yuR++bGwD7EviELL+Q",Silas,Ratemo,0716326772,OWNER,,VERIFIED,true,true,,,false
