id,Facility_Name,Business_Type,Registration_Number,License_Status,Rel,Facility Registration Number,License Number,Ownership,License Type,Establishment Year,Street,Town,County
13, MTALIANO PHARMACEUTICALS LIMITED (Nairobi),RETAIL,PPB/M/9345,Active,MjU2MTI=,PPB/M/9345,BU202308365,PRIVATE COMPANY (LIMITED),RETAIL,2021,LATEMA ROAD,,Nairobi
25, SAINARD PHARMACEUTICALS LIMITED (Nairobi),RETAIL,PPB/S/9069,Active,Mjc4MjE=,PPB/S/9069,BU202309219,PARTNERSHIP,RETAIL,2022,38 MUTHANGARI ROAD,,Nairobi
32, WEST CONGO PHARMACY LIMITED (Nairobi),RETAIL,PPB/C/9301,Active,Mjk1NjU=,PPB/C/9301,BU202309722,PRIVATE COMPANY (LIMITED),RETAIL,2023,KAMITI ROAD,,Nairobi
48,ABIJO PHARMACY- WANYEE (Nairobi),RETAIL,PPB/A/306,Active,NTY1MA==,PPB/A/306,BU202303389,SOLE PROPRIETOR,RETAIL,2013,WANYEE ROAD,,Nairobi
54,ABM PHARMACY (NGARA STAGE) (Nairobi),RETAIL,PPB/A/2029,REVOKED,MjUxMDE=,PPB/A/2029,BU202309948,PARTNERSHIP,RETAIL,2020,00206-176,,Nairobi
55,ABM PHARMACY LIMITED (Nairobi),RETAIL,PPB/A/1921,Active,MjMwNDM=,PPB/A/1921,BU202310065,PARTNERSHIP,RETAIL,2020,MACHARIA ROAD,,Nairobi
57,ABRAPHARMA PHARMACEUTICALS KASARANI (Nairobi),RETAIL,PPB/A/326,Active,NTQ0Ng==,PPB/A/326,BU202308018,SOLE PROPRIETOR,RETAIL,2014,SANTON STREET,,Nairobi
62,ACCIPITRIDAE CHEMIST (Nairobi),RETAIL,PPB/A/1752,Active,MTgxMjA=,PPB/A/1752,BU202302980,SOLE PROPRIETOR,RETAIL,2018,KOMAROCK ROAD,,Nairobi
64,ACCRA PHARMACY LTD - OPPOSITE MLK HOSP (Nairobi),RETAIL,PPB/A/407,Active,NDYxOA==,PPB/A/407,BU202301911,PRIVATE COMPANY (LIMITED),RETAIL,2015,SPINE RD,,Nairobi
65,ACCRA PHARMACY LTD HAKATI (Nairobi),RETAIL,PPB/A/1970,Active,MjQxNzc=,PPB/A/1970,BU202302322,PARTNERSHIP,RETAIL,2021,HAKATI ROAD,,Nairobi
66,ACCRA-MED CHEMISTS LIMITED (Nairobi),RETAIL,PPB/A/1711,Active,MTc0Nzk=,PPB/A/1711,BU202306650,PRIVATE COMPANY (LIMITED),RETAIL,2017,ACCRA ROAD,,Nairobi
68,ACE CARE PHARMACEUTICALS  (Nairobi),RETAIL,PPB/A/1928,Active,MjMxODY=,PPB/A/1928,BU202303417,PRIVATE COMPANY (LIMITED),RETAIL,2019,NAIVASHA ROAD,,Nairobi
71,ACESO PHARMACY WELLNESS PHARMACY KASARANI (Nairobi),RETAIL,PPB/A/2066,Active,MjU2OTg=,PPB/A/2066,BU202307702,PRIVATE COMPANY (LIMITED),RETAIL,2021,MWIKI ROAD,,Nairobi
87,ADONISI PHARMACEUTICALS (Nairobi),RETAIL,PPB/A/1674,Active,MTY4NzI=,PPB/A/1674,BU202309210,SOLE PROPRIETOR,RETAIL,2017,BREWERIES,,Nairobi
100,AFRILIFE CHEMIST LTD (BURUBURU) (Nairobi),RETAIL,PPB/A/1907,Active,MjA2Njc=,PPB/A/1907,BU202300914,PRIVATE COMPANY (LIMITED),RETAIL,2015,MUMIAS,,Nairobi
113,AFYACARE PHARMA (Nairobi),RETAIL,PPB/A/475,Active,MjU3NA==,PPB/A/475,BU202302164,SOLE PROPRIETOR,RETAIL,2013,OUTERING ROAD,,Nairobi
126,"AGA KHAN HEALTH  SERVICES,KENYA-RUAI (Nairobi)",RETAIL,PPB/A/152 D,Active,NDc0OQ==,PPB/A/152 D,BU202305551,SOLE PROPRIETOR,RETAIL,2014,KANGUNDO,,Nairobi
127,"AGA KHAN HEALTH SERVICES,KENYA - HOMA BAY (Nairobi)",RETAIL,PPB/A/507,Active,Mzg5NQ==,PPB/A/507,BU202300371,PRIVATE COMPANY (LIMITED),RETAIL,2015,,,Nairobi
130,AGAROSE PHARMACY (Nairobi),RETAIL,PPB/A/1969,Active,MjQxNjc=,PPB/A/1969,BU202304987,PARTNERSHIP,RETAIL,2021,SPINE ROAD,,Nairobi
134,AGMART PHARMACEUTICALS-MUHOHO AVENUE (Nairobi),RETAIL,PPB/A/1763,Active,MTgyNjQ=,PPB/A/1763,BU202307124,SOLE PROPRIETOR,RETAIL,2018,MUHOHO AVENUE,,Nairobi
143,AHWAN PHARMACEUTICALS LIMITED (Nairobi),RETAIL,PPB/A/1895,Active,MjA0MTk=,PPB/A/1895,BU202305457,PRIVATE COMPANY (LIMITED),RETAIL,2020,3RD PARKLANDS AVENUE,,Nairobi
144,AHZAAB PHARMACY (Nairobi),RETAIL,PPB/A/1829,Active,MTkyMDI=,PPB/A/1829,BU202301263,SOLE PROPRIETOR,RETAIL,2018,MAJOR MURIITHI STREET,,Nairobi
153,AJWA PHARMACEUTICALS LIMITED (Nairobi),RETAIL,PPB/A/2079,Active,MjU4ODU=,PPB/A/2079,BU202301963,PARTNERSHIP,RETAIL,2021,AGOI RD PANGANI,,Nairobi
158,AKIMA PHARMACY (Nairobi),RETAIL,PPB/A/1528,Active,NjE4NA==,PPB/A/1528,BU202301909,SOLE PROPRIETOR,RETAIL,2015,KAMITI ROAD,,Nairobi
169,AL-AQSA DISPENSING CHEMIST (Nairobi),RETAIL,PPB/A/238,Active,MTc3Mg==,PPB/A/238,BU202305720,SOLE PROPRIETOR,RETAIL,2013,2ND AVENUE,,Nairobi
173,AL-HANAF PHARMACY (Nairobi),RETAIL,PPB/A/1938,REVOKED,MjMzMzU=,PPB/A/1938,BU202303802,PARTNERSHIP,RETAIL,2019,HOMBE RD,,Nairobi
174,AL-HARAMAIN PHARMACEUTICAL COMPANY LIMITED (Nairobi),RETAIL,PPB/A/448,Active,MTE5Ng==,PPB/A/448,BU202303519,SOLE PROPRIETOR,RETAIL,2021,7TH STREET,,Nairobi
182,ALANE PHARMACY LTD (Nairobi),RETAIL,PPB/A/183,Active,MTUzNQ==,PPB/A/183,BU202302911,SOLE PROPRIETOR,RETAIL,2015,MUGO KIARIE PARKROAD,,Nairobi
198,ALIF MEDICAL SERVICES LIMITED (Nairobi),RETAIL,PPB/A/1734,Active,MTc4NDE=,PPB/A/1734,BU202307637,PRIVATE COMPANY (LIMITED),RETAIL,2017,5TH STREET,,Nairobi
204,ALISON AGROCHEM CHEMISTS LIMITED (Nairobi),RETAIL,PPB/A/1794,Active,MTg2NTg=,PPB/A/1794,BU202307634,PRIVATE COMPANY (LIMITED),RETAIL,2017,HUNTERS,,Nairobi
209,ALKEN PHARMACEUTICAL LTD (Nairobi),RETAIL,PPB/A/1612,Active,NzczMQ==,PPB/A/1612,BU202302355,PRIVATE COMPANY (LIMITED),RETAIL,2016,BAHATI ROAD,,Nairobi
210,ALKEN PHARMACEUTICAL LTD - B-CENTRE (Nairobi),RETAIL,PPB/A/0524,Active,NTYyMg==,PPB/A/0524,BU202303807,PRIVATE COMPANY (LIMITED),RETAIL,2015,MANYAJA ROAD,,Nairobi
212,ALKEN PHARMACEUTICALS LTD (Nairobi),RETAIL,PPB/A/417,Active,Mzg4Mw==,PPB/A/417,BU202302554,SOLE PROPRIETOR,RETAIL,2014,HAMZA RD,,Nairobi
213,ALKEN PHARMACEUTICALS-JOGOO RD (Nairobi),RETAIL,PPB/A/1963,Active,MjM5ODk=,PPB/A/1963,BU202302903,PARTNERSHIP,RETAIL,2013,JOGOO RD,,Nairobi
216,ALLAMED PHARMACEUTICALS LIMITED (Nairobi),RETAIL,PPB/A/309,Active,MTE2MA==,PPB/A/309,BU202307737,PRIVATE COMPANY (LIMITED),RETAIL,2012,PIPELINE NEAR KENYA BUILDERS,,Nairobi
219,ALLGREEN PHARMACEUTICALS (Nairobi),RETAIL,PPB/A/1869,Active,MTk4NTk=,PPB/A/1869,BU202308178,SOLE PROPRIETOR,RETAIL,2019,OFF MUTARAKWA ROAD,,Nairobi
221,ALLIUM PHARMACY (Nairobi),RETAIL,PPB/A/1980,Active,MjQzNzc=,PPB/A/1980,BU202305299,SOLE PROPRIETOR,RETAIL,2021,TENA ESTATE,,Nairobi
224,ALLOPHARM PHARMACY (Nairobi),RETAIL,PPB/A/3092,Active,MzAzMDc=,PPB/A/3092,BU202310728,SOLE PROPRIETOR,RETAIL,2023,BIMA ROAD,,Nairobi
225,ALLPHARM CHEMIST (Nairobi),RETAIL,PPB/A/483,Active,MjY4OA==,PPB/A/483,BU202306446,SOLE PROPRIETOR,RETAIL,2014,GLADYS GIRLS HIGH SCHOOL,,Nairobi
229,ALLYWOOD PHARMACY & DISPENSING CHEMIST (Nairobi),RETAIL,PPB/A/1912,Active,MjI5MTU=,PPB/A/1912,BU202306875,SOLE PROPRIETOR,RETAIL,2020,KANGUNDO ROAD,,Nairobi
237,ALMIS PHARMACEUTICAL LIMITED (Nairobi),RETAIL,PPB/A/2077,Active,MjU4NTY=,PPB/A/2077,BU202304278,PRIVATE COMPANY (LIMITED),RETAIL,2021,KIRONGOTHI STREET,,Nairobi
238,ALMOND PHARMACY KABIRIA (Nairobi),RETAIL,PPB/A/2021,Active,MjQ5NjQ=,PPB/A/2021,BU202303146,PRIVATE COMPANY (LIMITED),RETAIL,2014,KABIRIA,,Nairobi
244,ALPHADOSE PHARMACY (Nairobi),RETAIL,PPB/A/1890,Active,MjAzNTA=,PPB/A/1890,BU202309177,PARTNERSHIP,RETAIL,2020,UMOJA THREE STREET,,Nairobi
246,ALPHAMED DESPENSING CHEMIST (Nairobi),RETAIL,PPB/A/508,Active,Mzk3MA==,PPB/A/508,BU202301350,SOLE PROPRIETOR,RETAIL,2015,UTAWALA-GITHUNGURI RD,,Nairobi
248,ALPRECO DISPENSING CHEMIST (Nairobi),RETAIL,PPB/A/1871,Active,MTk5MDE=,PPB/A/1871,BU202309477,PARTNERSHIP,RETAIL,2019,MOI DRIVE,,Nairobi
253,ALTITUDE PHARMACY,RETAIL,PPB/A/3077,Active,Mjk5ODk=,PPB/A/3077,BU202310407,SOLE PROPRIETOR,RETAIL,2023,NAIROBI KARATINA HIGHWAY,,Nairobi
255,ALUMIX HEALTHCARE LIMITED - (Nairobi),RETAIL,PPB/A/1723,TEMP_REVOK,MTc2NzQ=,PPB/A/1723,BU202308953,PRIVATE COMPANY (LIMITED),RETAIL,2017,,,Nairobi
258,ALVODEV PHARMACEUTICALS LIMITED (Nairobi),RETAIL,PPB/A/1971,Active,MjQxOTY=,PPB/A/1971,BU202302801,PRIVATE COMPANY (LIMITED),RETAIL,2021,MARKET ROAD,,Nairobi
266,AMARANDA PHARMACY (Nairobi),RETAIL,PPB/A/1965,Active,MjQwNjM=,PPB/A/1965,BU202307857,SOLE PROPRIETOR,RETAIL,2021,CHURCH ROAD,,Nairobi
277,AMICARE CHEMISTS (Nairobi),RETAIL,PPB/A/1742,Active,MTc5MzE=,PPB/A/1742,BU202302666,SOLE PROPRIETOR,RETAIL,2018,SPINE ROAD,,Nairobi
282,AMIST CHEMISTS LIMITED (Nairobi),RETAIL,PPB/A/1769,Active,MTgzNjY=,PPB/A/1769,BU202307967,PRIVATE COMPANY (LIMITED),RETAIL,2018,OLE SHAPARA ROAD,,Nairobi
302,ANDRON CHEMIST (Nairobi),RETAIL,PPB/A/942,Active,NTc3Mw==,PPB/A/942,BU202303584,PARTNERSHIP,RETAIL,2015,KASARANI MWIKI ROAD,,Nairobi
309,ANGELIC STAR PHARMACY (Nairobi),RETAIL,PPB/A/2020,Active,MjQ5NTU=,PPB/A/2020,BU202308312,SOLE PROPRIETOR,RETAIL,2021,MOI DRIVE,,Nairobi
315,ANGRAC COMPANY LIMITED (Nairobi),RETAIL,PPB/A/1877,Active,MjAwNTU=,PPB/A/1877,BU202305285,PARTNERSHIP,RETAIL,2018,KIAMBU ROAD,,Nairobi
317,ANISAH CHEMIST (Nairobi),RETAIL,PPB/A/1915,Active,MjI5NDA=,PPB/A/1915,BU202307003,SOLE PROPRIETOR,RETAIL,2020,OUTERING ROAD,,Nairobi
318,ANIVCARE HEALTH PHARMACY (Nairobi),RETAIL,PPB/A/2022,Active,MjUwMTc=,PPB/A/2022,BU202302859,SOLE PROPRIETOR,RETAIL,2021,MANYANJA STREET,,Nairobi
320,ANMARC CHEMIST (Nairobi),RETAIL,PPB/A/2005,Active,MjQ3NzQ=,PPB/A/2005,BU202309649,SOLE PROPRIETOR,RETAIL,2021,KIBIKU,,Nairobi
327,ANNOINTED PHARMACEUTICALS LTD-MUTHIGA STAGE (Nairobi),RETAIL,PPB/A/1530,Active,NjE4OQ==,PPB/A/1530,BU202301631,PRIVATE COMPANY (LIMITED),RETAIL,2015,UHURU ROAD,,Nairobi
336,ANTOCHEM PHARMACY (Nairobi),RETAIL,PPB/A/254,Active,NDMyNw==,PPB/A/254,BU202308883,SOLE PROPRIETOR,RETAIL,2013,MOI DRIVE,,Nairobi
337,ANTONIO MEMZCHEMIST (Nairobi),RETAIL,PPB/A/1872,Active,MTk5MTI=,PPB/A/1872,BU202302119,SOLE PROPRIETOR,RETAIL,2019,MUTUINI,,Nairobi
342,APOCARE PHARMACY LIMITED (Nairobi),RETAIL,PPB/A/1880,Active,MjAxOTQ=,PPB/A/1880,BU202300219,PRIVATE COMPANY (LIMITED),RETAIL,2019,THIRD PARKLANDS AVENUE,,Nairobi
344,APOLLO MEDICARE(K) LTD (Nairobi),RETAIL,PPB/A/264,Active,NTU2OA==,PPB/A/264,BU202309081,PRIVATE COMPANY (LIMITED),RETAIL,2011,MARKET ROAD,,Nairobi
345,APOLO HEALTHCARE-NAIROBI (Nairobi),RETAIL,PPB/A/0368,Active,MjQzNA==,PPB/A/0368,BU202307784,PRIVATE COMPANY (LIMITED),RETAIL,2012,KIPKAPUS  ROAD,,Nairobi
349,APPLEGENE PHARMACY LTD (Nairobi),RETAIL,PPB/A/117,Active,NDA1Mg==,PPB/A/117,BU202303155,PRIVATE COMPANY (LIMITED),RETAIL,2003,LANGATA RD,,Nairobi
350,APPLETON PHARMACEUTICALS LIMITED (Nairobi),RETAIL,PPB/A/1950,Active,MjM3MTM=,PPB/A/1950,BU202300975,PARTNERSHIP,RETAIL,2020,MONROVIA STREET,,Nairobi
353,ARABICA CHEMISTS-KASARANI (Nairobi),RETAIL,PPB/A/1799,Active,MTg3MzM=,PPB/A/1799,BU202302376,SOLE PROPRIETOR,RETAIL,2018,MATHARE NORTH ROAD,,Nairobi
354,ARABICA CHEMISTS-LUCKY SUMMER ROAD (Nairobi),RETAIL,PPB/A/1643,Active,MTYzNDQ=,PPB/A/1643,BU202301782,SOLE PROPRIETOR,RETAIL,2016,LUCKY SUMMER ROAD,,Nairobi
363,ARFAAT PHARMACY- EASTLEIGH (Nairobi),RETAIL,PPB/A/205,Active,MzgxNQ==,PPB/A/205,BU202300704,SOLE PROPRIETOR,RETAIL,2015,AL-HIDAYA AREA,,Nairobi
375,ARNICA PHARMACEUTICALS LTD (Nairobi),RETAIL,PPB/A/472,Active,MjU2Ng==,PPB/A/472,BU202302403,PRIVATE COMPANY (LIMITED),RETAIL,2014,RIVERSIDE DRIVE,,Nairobi
380,ARYA PHARMACEUTICALS (Nairobi),RETAIL,PPB/A/1575,Active,Njg3OA==,PPB/A/1575,BU202303799,SOLE PROPRIETOR,RETAIL,2016,FEDHA ROAD TASSIA,,Nairobi
386,ASCENT MEDMART (Nairobi),RETAIL,PPB/A/1570,Active,Njg0NQ==,PPB/A/1570,BU202300869,SOLE PROPRIETOR,RETAIL,2016,LANGATA SOUTH ROAD,,Nairobi
387,ASHBRIDGE PHARMACEUTICALS (Nairobi),RETAIL,PPB/A/357,Active,Mzc0OA==,PPB/A/357,BU202302023,SOLE PROPRIETOR,RETAIL,2013,,,Nairobi
390,ASHOKEM PHARMACEUTICALS (Nairobi),RETAIL,PPB/A/1952,Active,MjM3NTY=,PPB/A/1952,BU202306936,SOLE PROPRIETOR,RETAIL,2021,GINGURI UTAWALA ROAD,,Nairobi
400,ASMIT PHARMACEUTICALS - FEDHA (Nairobi),RETAIL,PPB/A/1836,Active,MTkyODA=,PPB/A/1836,BU202309357,SOLE PROPRIETOR,RETAIL,2019,FEDHA AVENUE,,Nairobi
401,ASMIT PHARMACEUTICALS LTD (Nairobi),RETAIL,PPB/A/1959,Active,MjM4ODA=,PPB/A/1959,BU202309181,SOLE PROPRIETOR,RETAIL,2021,GICHUGU ROAD,,Nairobi
404,ASSURED PHARMACEUTICALS LTD (Nairobi),RETAIL,PPB/A/1747,Active,MTc5NzY=,PPB/A/1747,BU202302254,PARTNERSHIP,RETAIL,2018,MUNYU ROAD,,Nairobi
407,ASTRAVALE PHARMACEE LTD (Nairobi),RETAIL,PPB/A/1767,Active,MTgzMzY=,PPB/A/1767,BU202304194,PRIVATE COMPANY (LIMITED),RETAIL,2018,OLE SANGALE ROAD,,Nairobi
422,AURA HEALTHCARE LIMITED (Nairobi),RETAIL,PPB/A/1932,REVOKED,MjMyMjg=,PPB/A/1932,BU202300998,PRIVATE COMPANY (LIMITED),RETAIL,2020,GENERAL MATHENGE DRIVE,,Nairobi
426,AVA PHARMACY LIMITED (Nairobi),RETAIL,PPB/A/1545,Active,NjU1MQ==,PPB/A/1545,BU202301464,PRIVATE COMPANY (LIMITED),RETAIL,2015,KAREN-NGONG,,Nairobi
438,AWALE II PHARMACEUTICALS LTD (Nairobi),RETAIL,PPB/A/394,Active,NTYyNg==,PPB/A/394,BU202301486,PRIVATE COMPANY (LIMITED),RETAIL,2010,12 TH,,Nairobi
439,AWALE PHARMACEUTICALS LTD (Nairobi),RETAIL,PPB/A/103,Active,NzM0Nw==,PPB/A/103,BU202304432,SOLE PROPRIETOR,RETAIL,2008,"2ND AVENUE,5TH STREET",,Nairobi
441,AWASICARE PHARMACY,RETAIL,PPB/A/2108,Active,MjY0NTE=,PPB/A/2108,BU202308473,SOLE PROPRIETOR,RETAIL,2022,NAIROBI ROAD,,Nairobi
452,AZERA PHARMACY (Nairobi),RETAIL,PPB/A/150 B,Active,MzUxNQ==,PPB/A/150 B,BU202307550,PARTNERSHIP,RETAIL,2007,KAMITI ROAD,,Nairobi
454,AZRAH MEDICAL CENTRE LIMITED (Nairobi),RETAIL,PPB/A/2091,Active,MjYxMjc=,PPB/A/2091,BU202302152,PARTNERSHIP,RETAIL,2021,11TH STREET,,Nairobi
459,BADGE PHARMACY (Nairobi),RETAIL,PPB/B/6901,Active,MTgxMjg=,PPB/B/6901,BU202302923,SOLE PROPRIETOR,RETAIL,2018,KATANI ROAD,,Nairobi
465,BAHRAIN PHARMA LIMITED (Nairobi),RETAIL,PPB/B/6675,REVOKED,NjQ2Nw==,PPB/B/6675,BU202302596,PRIVATE COMPANY (LIMITED),RETAIL,2016,FIFTH STREET,,Nairobi
471,BALKAM PHARMACEUTICALS (Nairobi),RETAIL,PPB/B/59,Active,MzYzMQ==,PPB/B/59,BU202307092,PARTNERSHIP,RETAIL,2004,,,Nairobi
474,BAMCHEM PHARMACY-NAIROBI (Nairobi),RETAIL,PPB/B/377,Active,MTQ2Mg==,PPB/B/377,BU202400047,SOLE PROPRIETOR,RETAIL,2002,WAWERU ROAD,,Nairobi
475,BANADOZ PHARMACEUTICALS (Nairobi),RETAIL,PPB/B/437,Active,MTUxOA==,PPB/B/437,BU202306976,SOLE PROPRIETOR,RETAIL,2013,KAMITI ROAD,,Nairobi
483,BARAKAAT CHEMIST LIMITED- USHIRIKA (Nairobi),RETAIL,PPB/B/7094,Active,MjQzMTQ=,PPB/B/7094,BU202302826,PRIVATE COMPANY (LIMITED),RETAIL,2011,JAM STREET,,Nairobi
484,BARAKAAT CHEMIST LTD (Nairobi),RETAIL,PPB/353,Active,NjI0Nw==,PPB/353,BU202302825,PRIVATE COMPANY (LIMITED),RETAIL,2013,KIPANGA ATHUMANI ROAD,,Nairobi
493,BARIYOW MEDICAL CENTRE LTD (Nairobi),RETAIL,PPB/B/240,Active,NDUwNQ==,PPB/B/240,BU202300676,PARTNERSHIP,RETAIL,2009,KIPANDE ATHUMANI,,Nairobi
499,BARTON PHAMACY (Nairobi),RETAIL,PPB/B/6716,Active,NzE3Ng==,PPB/B/6716,BU202301082,SOLE PROPRIETOR,RETAIL,2016,OUTERING ROAD,,Nairobi
503,BASE DRUG PHARMACY (Nairobi),RETAIL,PPB/B/6793,Active,MTY1ODM=,PPB/B/6793,BU202310292,SOLE PROPRIETOR,RETAIL,2016,KAMITI ROAD,,Nairobi
504,BASE PHARMACEUTICALS (Nairobi),RETAIL,PPB/B/7026,Active,MjI4NzI=,PPB/B/7026,BU202304977,SOLE PROPRIETOR,RETAIL,2019,BIMA ROAD,,Nairobi
508,BEALLARA PHARMACY (Nairobi),RETAIL,PPB/B/241,Active,MTEwNw==,PPB/B/241,BU202301146,SOLE PROPRIETOR,RETAIL,1914,,,Nairobi
525,BEKY HOLDING PHARMACY LTD (Nairobi),RETAIL,PPB/B/456,Active,Mjg3MA==,PPB/B/456,BU202301442,PRIVATE COMPANY (LIMITED),RETAIL,2014,MOMBASA ROAD,,Nairobi
526,BEKY HOLDINGS PHARMACY (Nairobi),RETAIL,PPB/B/6983,Active,MTk1MzA=,PPB/B/6983,BU202301900,PARTNERSHIP,RETAIL,2013,LIMURU ROAD,,Nairobi
547,BEN-AMMI PHARMACIES LTD (Nairobi),RETAIL,PPB/B/352,Active,MTI2Nw==,PPB/B/352,BU202305079,PRIVATE COMPANY (LIMITED),RETAIL,1914,5TH AVENUE,,Nairobi
548,BEN-AMMI PHARMCIES- NHIF (Nairobi),RETAIL,PPB/B/352 B,Active,NTA4Ng==,PPB/B/352 B,BU202301841,SOLE PROPRIETOR,RETAIL,2014,RAGATI,,Nairobi
549,BENAMED PHARMACY (Nairobi),RETAIL,PPB/B/623,Active,MjY3Nw==,PPB/B/623,BU202306165,SOLE PROPRIETOR,RETAIL,2014,KANGUNDO RD,,Nairobi
559,BENCHMARK PHARMACY (Nairobi),RETAIL,PPB/B/6733,Active,NzUyMQ==,PPB/B/6733,BU202303070,SOLE PROPRIETOR,RETAIL,2016,KANGUNDO ROAD,,Nairobi
580,BERRIES PHARMACY (Nairobi),RETAIL,PPB/B/6829,Active,MTcxNDA=,PPB/B/6829,BU202309405,SOLE PROPRIETOR,RETAIL,2017,NGONG\' ROAD,,Nairobi
616,BETTAN PHARMACY (Nairobi),RETAIL,PPB/B/420,Active,MTQxNQ==,PPB/B/420,BU202303678,SOLE PROPRIETOR,RETAIL,2012,KAMITI RD,,Nairobi
622,BEVCO PHARMACEUTICAL (Nairobi),RETAIL,PPB/B/7006,Active,MTk5MzQ=,PPB/B/7006,BU202306630,PARTNERSHIP,RETAIL,2017,KANGUNDO ROAD,,Nairobi
623,BEVEL CHEMIST-UMOJA II (Nairobi),RETAIL,PPB/B/6896,Active,MTgwMTM=,PPB/B/6896,BU202307617,SOLE PROPRIETOR,RETAIL,2017,MANYANJA ROAD,,Nairobi
627,BEYOND PHARMACEUTICALS-EASTLEIGH (Nairobi),RETAIL,PPB/B/6814,Active,MTY5MjY=,PPB/B/6814,BU202306247,PARTNERSHIP,RETAIL,2017,FIRST AVENUE,,Nairobi
631,BHAVESH CHEMIST (MAIN) (Nairobi),RETAIL,PPB/B/160,Active,MzEzMQ==,PPB/B/160,BU202307109,SOLE PROPRIETOR,RETAIL,2007,NGARA ROAD,,Nairobi
632,BHAVESH CHEMIST (TOMFRANK) (Nairobi),RETAIL,PPB/B/6742,Active,NzY2NQ==,PPB/B/6742,BU202304547,SOLE PROPRIETOR,RETAIL,2015,NGARA ROAD,,Nairobi
634,BIBO PHARMACEUTICALS LTD-MFANGANO (Nairobi),RETAIL,PPB/B/6878,Active,MTc4Mjc=,PPB/B/6878,BU202302451,PRIVATE COMPANY (LIMITED),RETAIL,2015,MFANGANO ST,,Nairobi
637,BIG BROTHERS CHEMIST (Nairobi),RETAIL,PPB/B/6712,Active,NzE0Ng==,PPB/B/6712,BU202302108,SOLE PROPRIETOR,RETAIL,2016,JOGOO ROAD,,Nairobi
640,BIGSTAR PHARMACY (Nairobi),RETAIL,PPB/B/6745,Active,NzgwMQ==,PPB/B/6745,BU202307742,SOLE PROPRIETOR,RETAIL,2015,MANYANJA ROAD,,Nairobi
645,BILLY\'S CHEMISTS (Nairobi),RETAIL,PPB/B/439,Active,MTM5OQ==,PPB/B/439,BU202306743,PARTNERSHIP,RETAIL,2003,OFF KANGUNDO RD,,Nairobi
648,BINGWA PHARMCARE (Nairobi),RETAIL,PPB/B/645,Active,Mzg1Mw==,PPB/B/645,BU202301445,SOLE PROPRIETOR,RETAIL,2014,MFUBUNDU RD,,Nairobi
657,BIOLIVE CHEMIST (Nairobi),RETAIL,PPB/B/480,Active,NDY2OQ==,PPB/B/480,BU202306479,SOLE PROPRIETOR,RETAIL,2014,JUAKALI RD,,Nairobi
666,BITAB PHARMACY (Nairobi),RETAIL,PPB/B/601,Active,MzE2OQ==,PPB/B/601,BU202309345,SOLE PROPRIETOR,RETAIL,2013,NYAYO,,Nairobi
669,BIYON HEALTH CARE LIMITED (Nairobi),RETAIL,PPB/B/7073,Active,MjM4NTU=,PPB/B/7073,BU202302748,PARTNERSHIP,RETAIL,2021,KLARIE HIHU ROAD 8,,Nairobi
670,BIZET PHARMA LTD (Nairobi),RETAIL,PPB/B/620,Active,NTI0Mw==,PPB/B/620,BU202308693,PRIVATE COMPANY (LIMITED),RETAIL,2014,MUGUMONI ST.,,Nairobi
674,BLESSED JAB (Nairobi),RETAIL,PPB/B/6919,Active,MTg0MDI=,PPB/B/6919,BU202300624,SOLE PROPRIETOR,RETAIL,2018,ELDORET ROAD,,Nairobi
686,BLIXEN PHARMA LTD (Nairobi),RETAIL,PPB/B/470,Active,MjA2Mw==,PPB/B/470,BU202303407,PRIVATE COMPANY (LIMITED),RETAIL,2013,NGARA,,Nairobi
688,BLOOMMED PHARMACY (Nairobi),RETAIL,PPB/B/6786,Active,MTY1MDQ=,PPB/B/6786,BU202308925,SOLE PROPRIETOR,RETAIL,2017,OFF KANGUNDO ROAD,,Nairobi
691,BLOSSOM PHARMACEUTICALS (Nairobi),RETAIL,PPB/B/506,Active,MjYzMg==,PPB/B/506,BU202304089,SOLE PROPRIETOR,RETAIL,2014,KAMUNDE RD,,Nairobi
698,BLUE OCEAN PHARMACEUTICALS (Nairobi),RETAIL,PPB/B/7013,Active,MjAzMTI=,PPB/B/7013,BU202304375,SOLE PROPRIETOR,RETAIL,2017,NAIVASHA ROAD,,Nairobi
708,BLURACE CHEMIST (Nairobi),RETAIL,PPB/B/0500,Active,NDcxNw==,PPB/B/0500,BU202302785,PRIVATE COMPANY (LIMITED),RETAIL,2014,KAMUNDE RD,,Nairobi
716,BOMA PHARMACEUTICAL LIMITED (Nairobi),RETAIL,PPB/B/6686,Active,NjY5Nw==,PPB/B/6686,BU202305310,PRIVATE COMPANY (LIMITED),RETAIL,2015,KANGUNDO ROAD,,Nairobi
724,BON SANTE PHARMACEUTICALS LTD  (Nairobi),RETAIL,PPB/B/477,Active,MTgzNQ==,PPB/B/477,BU202300563,SOLE PROPRIETOR,RETAIL,2015,CDF ROAD OFF MANYAJA ROAD,,Nairobi
725,BOND PHARMACEUTICALS (Nairobi),RETAIL,PPB/B/332,Active,MTQ3OA==,PPB/B/332,BU202301316,SOLE PROPRIETOR,RETAIL,1914,THIKA RD,,Nairobi
729,BONFAITH HEALTHCARE LIMITED-HURUMA (Nairobi),RETAIL,PPB/B/664,Active,NDM1Ng==,PPB/B/664,BU202307404,PRIVATE COMPANY (LIMITED),RETAIL,2010,EASTERN BYPASS,,Nairobi
732,BONGO PHARMACEUTICALS-TARSIA (Nairobi),RETAIL,PPB/B/0654,Active,NDQ0Mw==,PPB/B/0654,BU202301411,SOLE PROPRIETOR,RETAIL,2015,OUTERING ROAD,,Nairobi
734,BONIS CHEMIST (Nairobi),RETAIL,PPB/B/7061,Active,MjM1NDA=,PPB/B/7061,BU202300817,SOLE PROPRIETOR,RETAIL,2020,WANYEE ROAD,,Nairobi
758,BRANSTONE PHARMACY (Nairobi),RETAIL,PPB/B/6913,Active,MTgyNzA=,PPB/B/6913,BU202309759,SOLE PROPRIETOR,RETAIL,2018,IGIRIAKURUI ROAD,,Nairobi
763,BREAMS PHARMACARE (Nairobi),RETAIL,PPB/B/6689,Active,Njc3Ng==,PPB/B/6689,BU202301580,SOLE PROPRIETOR,RETAIL,2015,METAMETA ROAD,,Nairobi
769,BRETT PHARMACY  (Nairobi),RETAIL,PPB/B/7002,Active,MTk3MTk=,PPB/B/7002,BU202302019,SOLE PROPRIETOR,RETAIL,2019,KARADINI,,Nairobi
781,BRIGHT HOPE PHARMACEUTICAL (Nairobi),RETAIL,PPB/B/7125,Active,MjQ5MzA=,PPB/B/7125,BU202301369,PARTNERSHIP,RETAIL,2021,WANYEE ROAD,,Nairobi
801,BRIXTONES PHARMACEUTICALS (Nairobi),RETAIL,PPB/B/6723,Active,NzMyOA==,PPB/B/6723,BU202307725,SOLE PROPRIETOR,RETAIL,2016,6THSTREET,,Nairobi
802,BROMS CHEMIST (Nairobi),RETAIL,PPB/B/6661,Active,NjE0MQ==,PPB/B/6661,BU202302159,SOLE PROPRIETOR,RETAIL,2015,OFF OUTER RING RD,,Nairobi
806,BROOKLANE PHARMACEUTICALS LTD (Nairobi),RETAIL,PPB/B/7180,Active,MjU5MDI=,PPB/B/7180,BU202302360,PRIVATE COMPANY (LIMITED),RETAIL,2021,BROOKSIDE DRIVE,,Nairobi
807,BROSH PHARMACEUTICALS LTD (Nairobi),RETAIL,PPB/B/219,Active,NTM3MQ==,PPB/B/219,BU202307894,SOLE PROPRIETOR,RETAIL,2011,THIGIRI RIDGE RD,,Nairobi
810,BRUTAX PHARMACY (Nairobi),RETAIL,PPB/B/6922,Active,MTg0MTE=,PPB/B/6922,BU202305148,SOLE PROPRIETOR,RETAIL,2018,THIKA ROAD,,Nairobi
814,BUDGET PHARMACEUTICAL LTD (Nairobi),RETAIL,PPB/B/650A,Active,NDE5OA==,PPB/B/650A,BU202307392,PARTNERSHIP,RETAIL,2013,MIRIAMS RD,,Nairobi
816,BUDGET PHARMACEUTICALS LIMITED-(JAMBONI),RETAIL,PPB/B/7240,Active,Mjc0NjI=,PPB/B/7240,BU202307113,PARTNERSHIP,RETAIL,2013,ELDORET-NAIROBI ROAD,,Nairobi
823,BULALE MEDICAL AND PHARMACY (Nairobi),RETAIL,PPB/B/7009,Active,MjAyMjQ=,PPB/B/7009,BU202309469,SOLE PROPRIETOR,RETAIL,2018,MUINAMI STREET,,Nairobi
852,BWINA PHARMACEUTICALS (Nairobi),RETAIL,PPB/B/458,Active,MzU5NQ==,PPB/B/458,BU202305420,SOLE PROPRIETOR,RETAIL,2013,,,Nairobi
854,BYPASS PHARM CHEMIST (Nairobi),RETAIL,PPB/B/6703,Active,Njk2Ng==,PPB/B/6703,BU202304343,SOLE PROPRIETOR,RETAIL,2015,MOMBASA ROAD,,Nairobi
856,CABEN PHARMACY (Nairobi),RETAIL,PPB/C/259,Active,MTQwNg==,PPB/C/259,BU202303446,SOLE PROPRIETOR,RETAIL,0,CROSS RD,,Nairobi
862,CALIFORNIA MEDICAL POINT LTD (Nairobi),RETAIL,PPB/C/1499,Active,MTk3Nzk=,PPB/C/1499,BU202301748,PARTNERSHIP,RETAIL,2016,8TH STREET,,Nairobi
871,CANAAN PHARMACEUTICALS LTD (Nairobi),RETAIL,PPB/C/184,Active,MTMxMg==,PPB/C/184,BU202301224,PRIVATE COMPANY (LIMITED),RETAIL,1914,MUMIAS SOUTH-MUTINDWA JUNCTION,,Nairobi
872,CANAAN PHARMACEUTICALS LTD -PETOSAM HOUSE (Nairobi),RETAIL,PPB/C/159 \\\'B\\\',Active,MTE3Nw==,PPB/C/159 \\\'B\\\',BU202302719,PUBLIC COMPANY,RETAIL,0,MUMIAS SOUTH SOUTH ROAD,,Nairobi
874,CANTONS CHEMIST (Nairobi),RETAIL,PPB/C/0419,Active,NTEzNQ==,PPB/C/0419,BU202303201,SOLE PROPRIETOR,RETAIL,2015,UTAWALA BYPASS,,Nairobi
875,CAPERNAUM CHEMIST (Nairobi),RETAIL,PPB/C/1370,Active,MTY1NTQ=,PPB/C/1370,BU202308651,SOLE PROPRIETOR,RETAIL,2016,SAIKA ESTATE OFF KANGUNDO ROAD,,Nairobi
884,CARE MORE PHARMACY (Nairobi),RETAIL,PPB/C/1543,Active,MjM5MTE=,PPB/C/1543,BU202303049,PARTNERSHIP,RETAIL,2021,FLATS ROAD,,Nairobi
898,CAREWELL PHARMACY (Nairobi),RETAIL,PPB/C/1407,Active,MTc0MzA=,PPB/C/1407,BU202309195,SOLE PROPRIETOR,RETAIL,2017,PIPELINE ROAD NAIROBI,,Nairobi
899,CARIS PHARMACY (Nairobi),RETAIL,PPB/C/1365,Active,MTY0ODE=,PPB/C/1365,BU202301266,SOLE PROPRIETOR,RETAIL,2017,LUMUMBA DRIVE,,Nairobi
903,CARLTONS CHEMIST LTD-LIMURU RD (Nairobi),RETAIL,PPB/S/945,REVOKED,NDU2Nw==,PPB/S/945,BU202305899,PRIVATE COMPANY (LIMITED),RETAIL,2014,LIMURU ROAD,,Nairobi
914,CATERWELL  PHARM (Nairobi),RETAIL,PPB/C/1560,Active,MjQxODk=,PPB/C/1560,BU202303452,PARTNERSHIP,RETAIL,2021,WOODVALE GROOVE,,Nairobi
923,CEDAR PHARMACARE LIMITED - FOURWAYS JUNCTION (Nairobi),RETAIL,PPB/C/1535,Active,MjM1MDY=,PPB/C/1535,BU202307347,PRIVATE COMPANY (LIMITED),RETAIL,1999,FOURWAYS JUNCTION,,Nairobi
925,CEDAR PHARMCARE LTD - TOM MBOYA STREET (Nairobi),RETAIL,PPC/C/358,Active,NzUwNA==,PPC/C/358,BU202307077,PRIVATE COMPANY (LIMITED),RETAIL,1999,TOM MBOYA STREET,,Nairobi
926,CEFACHEM PHARMACY (Nairobi),RETAIL,PPB/C/1324,Active,NzMyMA==,PPB/C/1324,BU202306545,SOLE PROPRIETOR,RETAIL,2016,MWIKI ROAD,,Nairobi
927,CELA LIMITED (Nairobi),RETAIL,PPB/C/1436,Active,MTgwNTE=,PPB/C/1436,BU202303143,PRIVATE COMPANY (LIMITED),RETAIL,2018,SAVANNAH ROAD,,Nairobi
933,CELMAR CHEMIST (Nairobi),RETAIL,PPB/C/204,Active,MzM0Mw==,PPB/C/204,BU202301070,SOLE PROPRIETOR,RETAIL,2011,JOGOO ROAD,,Nairobi
934,CELYDA PHARMACY (Nairobi),RETAIL,PPB/C/361,Active,MjYyNg==,PPB/C/361,BU202307814,SOLE PROPRIETOR,RETAIL,2014,OUTERING RD,,Nairobi
935,CENBA CHEMISTRY (Nairobi),RETAIL,PPB/C/1474,REVOKED,MTkxMzg=,PPB/C/1474,BU202306661,SOLE PROPRIETOR,RETAIL,2018,MTONGWE ROAD - NGUMO,,Nairobi
942,CENTURION PHARMACY (Nairobi),RETAIL,PPB/C/1361,Active,MTY0MDk=,PPB/C/1361,BU202301941,PRIVATE COMPANY (LIMITED),RETAIL,2017,LIMURU,,Nairobi
950,CESSCHEM PHARMACEUTICALS- EMBAKASI (Nairobi),RETAIL,PPB/C/0219,Active,NTI4OA==,PPB/C/0219,BU202307663,SOLE PROPRIETOR,RETAIL,2012,OUTERING ROAD,,Nairobi
951,CETAMOL PHARMACY (Nairobi),RETAIL,PPB/C/1480,Active,MTkxODk=,PPB/C/1480,BU202305064,SOLE PROPRIETOR,RETAIL,2018,UTAWALA GITUNGULI,,Nairobi
952,CETAMOL PHARMACY CHOKAA (Nairobi),RETAIL,PPB/C/9252,Active,MjgyMzA=,PPB/C/9252,BU202305534,SOLE PROPRIETOR,RETAIL,2022,SPINE ROAD,,Nairobi
962,CHALEMWAS PHARMACY LTD (Nairobi),RETAIL,PPB/C/1610,Active,MjU2Mjc=,PPB/C/1610,BU202304495,PARTNERSHIP,RETAIL,2021,UMOJA 2,,Nairobi
976,CHARLIK PHARMACY (Nairobi),RETAIL,PPB/C/9262,Active,Mjg1MzM=,PPB/C/9262,BU202303139,SOLE PROPRIETOR,RETAIL,2023,LUMUMBA DRIVE,,Nairobi
977,CHARLIZE PHARMACY  (Nairobi),RETAIL,PPB/C/9165,Active,MjYwOTQ=,PPB/C/9165,BU202305669,PARTNERSHIP,RETAIL,2021,KIAMBU ROAD,,Nairobi
980,CHARZEL HEALTH CHEMIST (Nairobi),RETAIL,PPB/C/1489,Active,MTk1MTg=,PPB/C/1489,BU202303145,PARTNERSHIP,RETAIL,2019,LANGATA ROAD,,Nairobi
983,CHASTED CHEMIST (Nairobi),RETAIL,PPB/C/1562,Active,MjQyNDc=,PPB/C/1562,BU202300950,PARTNERSHIP,RETAIL,2019,TOM MBOYA,,Nairobi
992,CHEDOC PHARMACY (Nairobi),RETAIL,PPB/C/1441,Active,MTgyMTk=,PPB/C/1441,BU202301421,SOLE PROPRIETOR,RETAIL,2018,MWIKI ROAD,,Nairobi
1002,CHEMFAM PHARMACEUTICAL LTD (Nairobi),RETAIL,PPB/C/397,Active,MjkyNg==,PPB/C/397,BU202302272,PRIVATE COMPANY (LIMITED),RETAIL,2014,OUTERING,,Nairobi
1007,CHEMMART PHARMACY (Nairobi),RETAIL,PPB/C/1307,Active,NzA1Nw==,PPB/C/1307,BU202307241,PARTNERSHIP,RETAIL,2016,MUMIAS SOUTH ROAD,,Nairobi
1015,CHEMWORLD PHARMACY - MWIKI RD (Nairobi),RETAIL,PPB/C/303,Active,MTUwNw==,PPB/C/303,BU202300920,SOLE PROPRIETOR,RETAIL,1914,OFF MWIKI RD,,Nairobi
1016,CHEMWORLD PHARMACY -ZIMMERMAN (Nairobi),RETAIL,PPP/C/391,Active,NDI1Mg==,PPP/C/391,BU202305129,SOLE PROPRIETOR,RETAIL,2012,OFF KAMITI ROAD,,Nairobi
1017,CHEMWORLD PHARMACY-KASARANI (Nairobi),RETAIL,PPB/C/271,Active,MTIwNg==,PPB/C/271,BU202301689,PARTNERSHIP,RETAIL,2012,KASARANI MWIKI ROAD,,Nairobi
1040,CHIEKO  CHEMIST  (Nairobi),RETAIL,PPB/C/9174,Active,MjY0NTY=,PPB/C/9174,BU202302576,SOLE PROPRIETOR,RETAIL,2021,MURADI ROAD,,Nairobi
1048,CHLOE-PHARM PHARMACY (Nairobi),RETAIL,PPB/C/1486,Active,MTkzNDg=,PPB/C/1486,BU202308195,SOLE PROPRIETOR,RETAIL,2019,KIGWATHI STREET,,Nairobi
1053,CHRISPALAH CHEMIST _KISUMU,RETAIL,PPB/C/9208,Active,MjcyODM=,PPB/C/9208,BU202303586,PARTNERSHIP,RETAIL,2022,KISUMU /NAIROBI STREAT,,Nairobi
1065,CISTEIN PHARMACEUTICALS LTD (Nairobi),RETAIL,PPB/C/211,Active,NjQ5Mg==,PPB/C/211,BU202309242,PRIVATE COMPANY (LIMITED),RETAIL,2013,1ST AVENUE,,Nairobi
1067,CITY GATE PHARMACY LTD (Nairobi),RETAIL,PPB/C/1305,Active,Njk0Mg==,PPB/C/1305,BU202306181,PRIVATE COMPANY (LIMITED),RETAIL,2015,"RHAPTA ROAD, WESTLANDS",,Nairobi
1069,CITY MED PHARMACY LIMITED-RIDGE COURT  (Nairobi),RETAIL,PPB/C/1570,Active,MjQ1NTE=,PPB/C/1570,BU202304147,PRIVATE COMPANY (LIMITED),RETAIL,2020,3RD PARKLANDS AVENUE,,Nairobi
1071,CITY VIEW CHEMIST (Nairobi),RETAIL,PPB/C/1296,Active,NjczNQ==,PPB/C/1296,BU202306000,SOLE PROPRIETOR,RETAIL,2016,KARIOBANGI SOUTH,,Nairobi
1073,CITYLINK PHARMACY-BRANCH (Nairobi),RETAIL,PPB/C/124,Active,MzY0NA==,PPB/C/124,BU202308325,SOLE PROPRIETOR,RETAIL,2013,WARUINGE STREET,,Nairobi
1075,CITYMED PHARMACY LTD-NAIROBI (Nairobi),RETAIL,PPB/C/1327,Active,NzM2NQ==,PPB/C/1327,BU202303233,PRIVATE COMPANY (LIMITED),RETAIL,2015,LIMURU ROAD,,Nairobi
1076,CKS DIALYSIS CENTRE LTD-BURUBURU (Nairobi),RETAIL,PPB/C/9153,Active,MjU4MTk=,PPB/C/9153,BU202303600,PARTNERSHIP,RETAIL,2021,BURUBURU,,Nairobi
1077,CKS DIALYSIS CENTRE LTD-PANGANI (Nairobi),RETAIL,PPB/C/1604,Active,MjU1MDM=,PPB/C/1604,BU202303619,PARTNERSHIP,RETAIL,2021,OFF JUJA ROAD CHAI ROAD AT THE JUNCTION,,Nairobi
1082,CLARIPHARM PHARMACEUTICALS LTD -UMOJA (Nairobi),RETAIL,PPB/C/275,Active,MTIxOQ==,PPB/C/275,BU202308864,PRIVATE COMPANY (LIMITED),RETAIL,2017,MOI DRIVE,,Nairobi
1099,CLINMED CHEMIST (Nairobi),RETAIL,PPB/C/1536,Active,MjM1MjE=,PPB/C/1536,BU202305321,SOLE PROPRIETOR,RETAIL,2020,KILOME  ROAD,,Nairobi
1108,COLMED PHARMACEUTICALS LIMITED-LANGATA (Nairobi),RETAIL,PPB/C/1487,Active,MTkzOTY=,PPB/C/1487,BU202400094,PRIVATE COMPANY (LIMITED),RETAIL,2013,LANG\\\'ATA ROAD,,Nairobi
1120,CONNECTIONS DESPENSING CHEMIST LTD (Nairobi),RETAIL,PPB/C/231,Active,MTYwNA==,PPB/C/231,BU202303093,PRIVATE COMPANY (LIMITED),RETAIL,2010,OFF OUTERING RD,,Nairobi
1128,CORNER PHARMACY LIMITED (Nairobi),RETAIL,PPB/C/167,Active,MTA4MQ==,PPB/C/167,BU202303749,SOLE PROPRIETOR,RETAIL,2008,STREET PARKLANDS ROAD,,Nairobi
1131,COSBY AND HEIRS PHARMACY  (Nairobi),RETAIL,PPB/C/1416,Active,MTc2NDc=,PPB/C/1416,BU202305201,SOLE PROPRIETOR,RETAIL,2017,AOKO ROAD,,Nairobi
1132,COSIGN CHEMIST (Nairobi),RETAIL,PPB/C/1463,Active,MTg3ODk=,PPB/C/1463,BU202300707,SOLE PROPRIETOR,RETAIL,2018,KIKUYU ROAD,,Nairobi
1147,CROSSAL CHEMICAL SERVICES (Nairobi),RETAIL,PPB/C/1286,Active,NjQ4NA==,PPB/C/1286,BU202301992,PARTNERSHIP,RETAIL,2015,KAREN NGONG ROAD,,Nairobi
1162,D-CHEM PHARMACEUTICAL LIMITED (Nairobi),RETAIL,PPB/D/2145,Active,MTc0MzM=,PPB/D/2145,BU202303357,SOLE PROPRIETOR,RETAIL,2017,MWANGAZA RD,,Nairobi
1167,DAHLIA PHARMACY LIMITED (Nairobi),RETAIL,PPB/D/2288,Active,MjQwMTI=,PPB/D/2288,BU202302101,PRIVATE COMPANY (LIMITED),RETAIL,2021,NGONG ROAD,,Nairobi
1180,DAJIM PHARMACY (Nairobi),RETAIL,PPB/D/97,Active,MzUyOQ==,PPB/D/97,BU202306043,PRIVATE COMPANY (LIMITED),RETAIL,2007,NAIVASHA ROAD,,Nairobi
1189,DALCAMED LIMITED - DONHOLM BRANCH (Nairobi),RETAIL,PPB/D/2245,Active,MjAzNDE=,PPB/D/2245,BU202306034,PARTNERSHIP,RETAIL,2020,OUTER RING ROAD,,Nairobi
1190,DALCAMED LIMITED - IMARA DAIMA BRANCH (Nairobi),RETAIL,PPB/D/2247,Active,MjAzOTk=,PPB/D/2247,BU202306002,PARTNERSHIP,RETAIL,2020,COSMAS NDETEI ROAD,,Nairobi
1195,DAM CARE PHARMACEUTICALS LIMITED (Nairobi),RETAIL,PPB/D/2253,Active,MjA1Nzg=,PPB/D/2253,BU202301203,PARTNERSHIP,RETAIL,2020,MWANGAZA ROAD,,Nairobi
1198,DAMCO PHARMA LIMITED (Nairobi),RETAIL,PPB/D/076,Active,MzQ0Mg==,PPB/D/076,BU202309263,PARTNERSHIP,RETAIL,2003,KOINANGE STREET,,Nairobi
1201,DAMUKU PHARMACEUTICALS LTD (Nairobi),RETAIL,PPB/D/2220,Active,MTkzMDc=,PPB/D/2220,BU202400007,PRIVATE COMPANY (LIMITED),RETAIL,2019,KANGUNDO RD,,Nairobi
1203,DAN PHARMACIE LIMITED-KANGEMI (Nairobi),RETAIL,PPB/D/2215,Active,MTkxNTE=,PPB/D/2215,BU202308726,PRIVATE COMPANY (LIMITED),RETAIL,2012,WAIYAKI WAY,,Nairobi
1205,DANCHEM PHARMACY LIMITED - NAIROBI CBD (Nairobi),RETAIL,PPB/D/48,Active,NTMxOQ==,PPB/D/48,BU202302446,PRIVATE COMPANY (LIMITED),RETAIL,1998,DURUMA ROAD,,Nairobi
1216,DANNES PHARMACY LTD - UTAWALA (Nairobi),RETAIL,PPB/D/065 C,Active,MTk2MQ==,PPB/D/065 C,BU202305455,PRIVATE COMPANY (LIMITED),RETAIL,1914,UTAWALA RD,,Nairobi
1218,DANTON PHARMACY LTD  (Nairobi),RETAIL,PPB/D/2256,Active,MjA2NTY=,PPB/D/2256,BU202306108,PARTNERSHIP,RETAIL,2018,EMBAKASI ROAD/BY PASS,,Nairobi
1220,DARLHA PHARMACY (Nairobi),RETAIL,PPB/D/2278,REVOKED,MjM2OTA=,PPB/D/2278,BU202302993,SOLE PROPRIETOR,RETAIL,2020,THOME MARURUI ROAD,,Nairobi
1222,DARNOPHARM CHEMIST (Nairobi),RETAIL,PPB/D/2128,Active,MTcwMzM=,PPB/D/2128,BU202303325,SOLE PROPRIETOR,RETAIL,2017,KAMUNDE ROAD,,Nairobi
1223,DAROMA CHEMIST (Nairobi),RETAIL,PPB/D/2123,Active,MTY4NjQ=,PPB/D/2123,BU202307569,SOLE PROPRIETOR,RETAIL,2017,LANDHIES ROAD,,Nairobi
1226,DASAE CHEMIST (Nairobi),RETAIL,PPB/D/248,Active,MTA5OQ==,PPB/D/248,BU202300996,SOLE PROPRIETOR,RETAIL,1914,KIKUYU,,Nairobi
1231,DATCHE PHARMACEUTICALS (Nairobi),RETAIL,PPB/D/197,Active,MjA2Nw==,PPB/D/197,BU202306101,SOLE PROPRIETOR,RETAIL,2012,SAVANNA ROAD,,Nairobi
1237,DAVRY PHARMACEUTICALS (Nairobi),RETAIL,PPB/D/062,Active,MzQxNQ==,PPB/D/062,BU202302731,SOLE PROPRIETOR,RETAIL,2004,GITANGA ROAD,,Nairobi
1271,DAYAH PHARMACEUTICALS LTD (Nairobi),RETAIL,PPB/M/8504,Active,NjYzOA==,PPB/M/8504,BU202303268,PRIVATE COMPANY (LIMITED),RETAIL,2016,WOOD STREET,,Nairobi
1281,DEFINO PHARMACY (Nairobi),RETAIL,PPB/D/2171,Active,MTc5Nzc=,PPB/D/2171,BU202308858,SOLE PROPRIETOR,RETAIL,2018,OFF JUJA ROAD,,Nairobi
1290,DELAM CHEMIST,RETAIL,PPB/D/3241,Active,Mjc4NDY=,PPB/D/3241,BU202302375,SOLE PROPRIETOR,RETAIL,2022,NAIROBI KISERIAN ROAD,,Nairobi
1293,DELCHEM PHARMACY (Nairobi),RETAIL,PPB/D/2307,Active,MjUwMzg=,PPB/D/2307,BU202303438,PARTNERSHIP,RETAIL,2021,KIBARAGE,,Nairobi
1298,DELTON PHARMACEUTICAL LIMITED (Nairobi),RETAIL,PPB/D/2143,Active,MTczODA=,PPB/D/2143,BU202306597,PRIVATE COMPANY (LIMITED),RETAIL,2017,RABAI ROAD,,Nairobi
1313,DENSON CHEMIST (Nairobi),RETAIL,PPB/D/2224,Active,MTk1MDc=,PPB/D/2224,BU202307754,SOLE PROPRIETOR,RETAIL,2019,VILLAGE STREET,,Nairobi
1328,DEVAS EXPRESS CHEMIST (Nairobi),RETAIL,PPB/D/2282,Active,MjM3OTk=,PPB/D/2282,BU202307417,PARTNERSHIP,RETAIL,2020,MONDLANE STREET,,Nairobi
1329,DEVINS PHARMACY (Nairobi),RETAIL,PPB/D/240,Active,OTc1,PPB/D/240,BU202301255,SOLE PROPRIETOR,RETAIL,2013,BYPASS,,Nairobi
1330,DEWMED KENYA LIMITED (Nairobi),RETAIL,PPB/D/2180,Active,MTgxOTI=,PPB/D/2180,BU202304534,PRIVATE COMPANY (LIMITED),RETAIL,2018,OUTERING ROAD,,Nairobi
1333,DIABETES MANAGEMENT RESOURCE CENTRE KENYA LIMITED (Nairobi),RETAIL,PPB/D/2242,Active,MjAyNzE=,PPB/D/2242,BU202307622,PARTNERSHIP,RETAIL,2020,NGARA,,Nairobi
1337,DIAMED PHARMACEUTICALS (Nairobi),RETAIL,PPB/D/2280,Active,MjM3NjM=,PPB/D/2280,BU202303265,PARTNERSHIP,RETAIL,2020,WAUDO,,Nairobi
1344,DIGFER PHARMACY (Nairobi),RETAIL,PPB/D/2283,Active,MjM4ODE=,PPB/D/2283,BU202305170,SOLE PROPRIETOR,RETAIL,2021,KIRONGOTHI,,Nairobi
1346,DILABIT PHARMACY LTD-MLOLONGO (Nairobi),RETAIL,PPB/D/318,Active,MjYzMQ==,PPB/D/318,BU202302704,PRIVATE COMPANY (LIMITED),RETAIL,2013,OUTERING,,Nairobi
1354,DINE PHARMACEUTICALS (Nairobi),RETAIL,PPB/D/,Active,MzAzMg==,PPB/D/,BU202303052,SOLE PROPRIETOR,RETAIL,2013,KANISANI ROAD,,Nairobi
1355,DINGA PHARMACY (Nairobi),RETAIL,PPB/D/2250,Active,MjA0NzE=,PPB/D/2250,BU202310184,SOLE PROPRIETOR,RETAIL,2020,NEW KCC,,Nairobi
1357,DIPLOMAT MEDICAL SUPPLIES (Nairobi),RETAIL,PPB/D/2316,Active,MjUzMTY=,PPB/D/2316,BU202308358,SOLE PROPRIETOR,RETAIL,2020,TSAVO ROAD,,Nairobi
1362,DISHCHEM PHARMACY (Nairobi),RETAIL,PPB/D/176,Active,MTUxMg==,PPB/D/176,BU202301871,SOLE PROPRIETOR,RETAIL,2011,SABA SABA RD,,Nairobi
1366,DIVINE GRACE PHARMACY,RETAIL,PPB/D/3306,Active,Mjk2NTc=,PPB/D/3306,BU202309931,PARTNERSHIP,RETAIL,2023,MERU/NAIROBI HIGHWAY,,Nairobi
1372,DOC-CARE  VILLE PHARMACY LIMITED (Nairobi),RETAIL,PPB/D/2167,Active,MTc4OTQ=,PPB/D/2167,BU202308632,PRIVATE COMPANY (LIMITED),RETAIL,2018,RONALD NGARA,,Nairobi
1375,DOCLINE PHARMACY LIMITED (Nairobi),RETAIL,PPB/D/2153,Active,MTc2MjQ=,PPB/D/2153,BU202303506,PRIVATE COMPANY (LIMITED),RETAIL,2017,NAIVASHA ROAD,,Nairobi
1377,DOCPHARMA LIMITED (Nairobi),RETAIL,PPB/D/2141,Active,MTczMjU=,PPB/D/2141,BU202304037,PRIVATE COMPANY (LIMITED),RETAIL,2017,3RD PARKLAND AVENUE,,Nairobi
1387,DOLLAR PHARMACY (Nairobi),RETAIL,PPB/D/191,Active,NTgwNA==,PPB/D/191,BU202309099,PARTNERSHIP,RETAIL,2011,KIPANGA ATHUMANI ROAD,,Nairobi
1388,DOLMARK CHEMIST (Nairobi),RETAIL,PPB/D/2041,Active,NjY3OQ==,PPB/D/2041,BU202309101,SOLE PROPRIETOR,RETAIL,2016,BUTECHI ROAD,,Nairobi
1390,DOMAIN CARE PHARMACY (Nairobi),RETAIL,PB/D/272,Active,MTY5NQ==,PB/D/272,BU202304529,SOLE PROPRIETOR,RETAIL,2011,KAMITI ROAD,,Nairobi
1394,DOMIL PHARMACEUTICALS (Nairobi),RETAIL,PPB/D/2050,Active,Njk5Mw==,PPB/D/2050,BU202306522,PARTNERSHIP,RETAIL,2016,EMBAKASI ROAD,,Nairobi
1397,DONHOLM POLEPOLE PHARMACY (Nairobi),RETAIL,PPB/D/088,Active,ODUw,PPB/D/088,BU202304532,SOLE PROPRIETOR,RETAIL,1992,OFF OUTERING ROAD,,Nairobi
1400,DORADAWA PHARMACY,RETAIL,PPB/D/3322,Active,MzAzNDA=,PPB/D/3322,BU202310762,SOLE PROPRIETOR,RETAIL,2023,KISUMU-NAIROBI ROAD,,Nairobi
1412,DOVEY  PHARMA LTD-WESTLANDS (Nairobi),RETAIL,PPB/D/175,Active,NTcwMw==,PPB/D/175,BU202301382,SOLE PROPRIETOR,RETAIL,2014,RINGROAD,,Nairobi
1413,DOVEY PHARMA LIMITED - CITY HALL (Nairobi),RETAIL,PPB/D/2309,Active,MjUxMDI=,PPB/D/2309,BU202302483,PARTNERSHIP,RETAIL,2021,MAMA NGINA,,Nairobi
1415,DOVEY PHARMA LTD-KAREN (Nairobi),RETAIL,PPB/D/2162,Active,MTc3Nzg=,PPB/D/2162,BU202302350,PRIVATE COMPANY (LIMITED),RETAIL,2011,RINGROAD,,Nairobi
1419,DOVEYPHARMA LIMITED -LANGATA (Nairobi),RETAIL,PPB/D/174 \\\'B\\\',Active,NDEwOQ==,PPB/D/174 \\\'B\\\',BU202301394,SOLE PROPRIETOR,RETAIL,2014,LANGATA SHOPPING CENTRE,,Nairobi
1420,DOVEYPHARMA LIMITED-DENNIS PRITT (Nairobi),RETAIL,PPB/D/2033,Active,NjUwMA==,PPB/D/2033,BU202301797,PRIVATE COMPANY (LIMITED),RETAIL,2011,DENNIS PRITT,,Nairobi
1421,DOVEYPHARMA LTD-JF CENTER LTD (Nairobi),RETAIL,PPB/D/2234,Active,MTk5MTE=,PPB/D/2234,BU202302333,SOLE PROPRIETOR,RETAIL,2011,"ARGWINGS KODHEK RD, NAIROBI",,Nairobi
1422,DOVEYPHARMA LTD-KIMATHI HOUSE (Nairobi),RETAIL,PPB/D/2227,Active,MTk2MjU=,PPB/D/2227,BU202302975,PARTNERSHIP,RETAIL,2011,KIMATHI STREET,,Nairobi
1428,DOVEYPHARMA-HOSPICE (Nairobi),RETAIL,PPB/D/3231,Active,Mjc3MTI=,PPB/D/3231,BU202301785,SOLE PROPRIETOR,RETAIL,2022,HOSPITAL ROAD,,Nairobi
1430,DOVEYPHARMA-RIVER SIDE (Nairobi),RETAIL,PPB/D/3232,Active,Mjc3MTM=,PPB/D/3232,BU202301361,SOLE PROPRIETOR,RETAIL,2022,RIVER SIDE DRIVE,,Nairobi
1441,DRAKE PHARMACEUTICALS-LOWER KABETE (Nairobi),RETAIL,PPB/D/2219,Active,MTkyNzM=,PPB/D/2219,BU202301817,PRIVATE COMPANY (LIMITED),RETAIL,2015,GITATHURU ROAD,,Nairobi
1446,DRUG 'N' DRIVE PHARMACY,RETAIL,PPB/D/3271,Active,Mjg1MDg=,PPB/D/3271,BU202304082,SOLE PROPRIETOR,RETAIL,2022,NAKURU NAIROBI HIGHWAY,,Nairobi
1447,DRUG HUB CHEMIST (Nairobi),RETAIL,PPB/D/2306,Active,MjUwMDc=,PPB/D/2306,BU202307456,SOLE PROPRIETOR,RETAIL,2021,THOME ROAD,,Nairobi
1452,DRUGHILL PHARMACY (Nairobi),RETAIL,PPB/D/111,Active,MzM2NA==,PPB/D/111,BU202300709,PRIVATE COMPANY (LIMITED),RETAIL,2005,OFF THIKA ROAD,,Nairobi
1460,DUNISH SONKOR PHARMACEUTICAL LIMITED  (Nairobi),RETAIL,PPB/D/2314,Active,MjUyNTE=,PPB/D/2314,BU202304995,PARTNERSHIP,RETAIL,2021,SECOND AVENUE,,Nairobi
1463,DURAHEAL CHEMIST (Nairobi),RETAIL,PPB/D/310,Active,MzY3MQ==,PPB/D/310,BU202309570,SOLE PROPRIETOR,RETAIL,2013,SECOND AVENUE,,Nairobi
1476,EAST STAR PHARMACY (Nairobi),RETAIL,PPB/E/1227,Active,MjAwNTY=,PPB/E/1227,BU202306861,SOLE PROPRIETOR,RETAIL,2019,AGA KHAN WALK,,Nairobi
1483,EASTLINE PHARMACY  (Nairobi),RETAIL,PPB/E/1219,Active,MTk3MjY=,PPB/E/1219,BU202301181,SOLE PROPRIETOR,RETAIL,2019,KASARANI-MWIKI,,Nairobi
1484,EASTON PHARMACEUTICALS LTD-MSA ROAD (Nairobi),RETAIL,PPB/E/76,Active,MTU5MA==,PPB/E/76,BU202300152,PRIVATE COMPANY (LIMITED),RETAIL,0,MOMBASA RD,,Nairobi
1485,EBEN PHARMACEUTICALS LTD - MOI S DRIVE (Nairobi),RETAIL,PPB/T/276,Active,MTUzMw==,PPB/T/276,BU202305569,PRIVATE COMPANY (LIMITED),RETAIL,2014,MOI DRIVE ROAD,,Nairobi
1486,EBEN PHARMACEUTICALS LTD -OUTERING ROAD (Nairobi),RETAIL,PPB/T/434,Active,NDM2Nw==,PPB/T/434,BU202306289,PRIVATE COMPANY (LIMITED),RETAIL,2014,OUTERING ROAD,,Nairobi
1492,ECODRUGS PHARMACY LTD-OUTERING RD (Nairobi),RETAIL,PPB/E/134,Active,MTE2NA==,PPB/E/134,BU202303439,SOLE PROPRIETOR,RETAIL,2011,OFF OUTERING ROAD,,Nairobi
1496,EDDIKAN PHARMACY LIMITED (Nairobi),RETAIL,PPB/E/1312,Active,MjQ4Njc=,PPB/E/1312,BU202302356,PARTNERSHIP,RETAIL,2021,NGARA,,Nairobi
1501,EDGE PHARMACY (Nairobi),RETAIL,PPB/E/231,Active,MzU2Mg==,PPB/E/231,BU202300313,SOLE PROPRIETOR,RETAIL,2012,KANGUNDO RD,,Nairobi
1503,EDIPHARM PHARMACEUTICALS (Nairobi),RETAIL,PPB/E/262,Active,MzQxNA==,PPB/E/262,BU202302518,SOLE PROPRIETOR,RETAIL,2013,SOKONI ROAD,,Nairobi
1506,EDMA CHEMIST (Nairobi),RETAIL,PPB/E/289,Active,Mjk5Mg==,PPB/E/289,BU202300529,SOLE PROPRIETOR,RETAIL,1914,ZIMMERMAN,,Nairobi
1510,EDTON PHARMA LTD (Nairobi),RETAIL,PPB/E/261,Active,NDk2Nw==,PPB/E/261,BU202301834,PRIVATE COMPANY (LIMITED),RETAIL,2014,RACE COURSE RDQ,,Nairobi
1511,EDWEL CHEMIST (Nairobi),RETAIL,PPB/E/1266,Active,MjM3OTg=,PPB/E/1266,BU202301750,SOLE PROPRIETOR,RETAIL,2020,MANYANJA ROAD,,Nairobi
1512,EFAMA CHEMIST (Nairobi),RETAIL,PPB/E/1233,Active,MjAzMzU=,PPB/E/1233,BU202305915,SOLE PROPRIETOR,RETAIL,2020,UMOJA 3 STREET,,Nairobi
1514,EFFICIENCY PHARMACY (Nairobi),RETAIL,PPB/E/1319,Active,MjQ5OTE=,PPB/E/1319,BU202306725,SOLE PROPRIETOR,RETAIL,2021,KAMITI ROAD,,Nairobi
1516,EGYPTIAN SPECIALIST MEDICAL CENTRE LIMITED (Nairobi),RETAIL,PPB/E/1480,Active,Mjk1NTY=,PPB/E/1480,BU202309704,PARTNERSHIP,RETAIL,2023,12TH STREET,,Nairobi
1525,EKERO CHEMIST (Nairobi),RETAIL,PPB/E/1221,Active,MTk3OTM=,PPB/E/1221,BU202301984,SOLE PROPRIETOR,RETAIL,2008,KIBERA DRIVE,,Nairobi
1562,ELIANA PHARMACY (Nairobi),RETAIL,PPB/E/1161,Active,MTgwMjU=,PPB/E/1161,BU202305901,SOLE PROPRIETOR,RETAIL,2018,GITANGA ROAD,,Nairobi
1566,ELIEZER CHEMIST (Nairobi),RETAIL,PPB/E/1211,Active,MTk1MDk=,PPB/E/1211,BU202306131,SOLE PROPRIETOR,RETAIL,2019,NGINA ROAD,,Nairobi
1569,ELIKIM CHEMIST (Nairobi),RETAIL,PPB/E/278,Active,NTI5OA==,PPB/E/278,BU202306654,SOLE PROPRIETOR,RETAIL,2014,OFF OUTERING ROAD,,Nairobi
1570,ELIKIM PHARMACEUTICAL SERVICES (Nairobi),RETAIL,PPB/E/1293,Active,MjQzNTc=,PPB/E/1293,BU202306652,SOLE PROPRIETOR,RETAIL,2021,OUTERING,,Nairobi
1571,ELIKIN CHEMISTS (Nairobi),RETAIL,PPB/E/180,Active,Mzg0NQ==,PPB/E/180,BU202306656,SOLE PROPRIETOR,RETAIL,2011,,,Nairobi
1585,ELLYSSAD PHARMA (Nairobi),RETAIL,PPB/E/1338,Active,MjU1MjI=,PPB/E/1338,BU202310384,SOLE PROPRIETOR,RETAIL,2021,"KITENGELA ROAD, LANGATA",,Nairobi
1589,ELOC PHARMACY (Nairobi),RETAIL,PPB/E/1039,Active,NTk3NQ==,PPB/E/1039,BU202301325,SOLE PROPRIETOR,RETAIL,2015,WANYEE ROAD,,Nairobi
1596,ELYKIBS PHARMACY (Nairobi),RETAIL,PPB/E/0207,Active,Mzk0Nw==,PPB/E/0207,BU202304417,SOLE PROPRIETOR,RETAIL,2012,KAMITI  ROAD,,Nairobi
1602,EMALA CHEMIST LIMITED-DAGORETTI (Nairobi),RETAIL,PPB/E/1261,Active,MjM2MDI=,PPB/E/1261,BU202304421,PARTNERSHIP,RETAIL,2020,KIRIGU ROAD,,Nairobi
1605,EMARA PHARMACEUTICALS LIMITED (Nairobi),RETAIL,PPB/E/1296,Active,MjQ0ODk=,PPB/E/1296,BU202309805,PRIVATE COMPANY (LIMITED),RETAIL,2020,POPO ROAD,,Nairobi
1610,EMCE CHEMIST (Nairobi),RETAIL,PPB/E/1037,Active,MzkyNA==,PPB/E/1037,BU202305723,SOLE PROPRIETOR,RETAIL,2013,KIKUYU ROAD,,Nairobi
1613,EMERIC PHARMACEUTICALS LIMITED-WESTLANDS (Nairobi),RETAIL,PPB/E/1300,Active,MjQ1OTc=,PPB/E/1300,BU202308225,PRIVATE COMPANY (LIMITED),RETAIL,2021,MPAKA ROAD,,Nairobi
1615,EMIR HEALTH CENTRE (Nairobi),RETAIL,PPB/E/1229,Active,MjAxMjM=,PPB/E/1229,BU202301566,SOLE PROPRIETOR,RETAIL,2019,KENYA BUILDERS ROAD,,Nairobi
1616,EMIR PHARMA (Nairobi),RETAIL,PPB/E/1124,Active,MTY5Mzg=,PPB/E/1124,BU202301298,SOLE PROPRIETOR,RETAIL,2017,CATHERINE NDEREVA,,Nairobi
1620,EMMANUCARE CHEMIST (Nairobi),RETAIL,PPB/E/1379,Active,MjY2NzA=,PPB/E/1379,BU202309783,SOLE PROPRIETOR,RETAIL,2022,MARURUI,,Nairobi
1622,EMMARK CHEMIST (Nairobi),RETAIL,PPB/E/363,Active,Mzg2OQ==,PPB/E/363,BU202301739,SOLE PROPRIETOR,RETAIL,2014,MOI DRIVE,,Nairobi
1625,EMON CARE LIMITED (Nairobi),RETAIL,PPB/E/1309,Active,MjQ3NDk=,PPB/E/1309,BU202309545,PRIVATE COMPANY (LIMITED),RETAIL,2021,NOTHERN BYPASS,,Nairobi
1630,EMYPHARM CHEMIST EASTLEIGH (Nairobi),RETAIL,PPB/E/344,Active,Mjg2MQ==,PPB/E/344,BU202302914,SOLE PROPRIETOR,RETAIL,2014,"SEC 3, EASTLEIGH",,Nairobi
1634,ENAI PHARMACY (Nairobi),RETAIL,PPB/E/1235,Active,MjA0NTY=,PPB/E/1235,BU202303340,SOLE PROPRIETOR,RETAIL,2020,HAILE SELASSIE AVENUE,,Nairobi
1647,ENTALLOS PHARMACY (Nairobi),RETAIL,PPB/E/1208,Active,MTk0Mjg=,PPB/E/1208,BU202309184,SOLE PROPRIETOR,RETAIL,2019,KWARE STREET,,Nairobi
1653,EPLUS PHARMACY (Nairobi),RETAIL,PPB/E/1242,Active,MjA3NTQ=,PPB/E/1242,BU202301563,PRIVATE COMPANY (LIMITED),RETAIL,2020,POPO ROAD,,Nairobi
1656,EQUIHEALTH PHARMACY (Nairobi),RETAIL,PPB/E/300,Active,MjEyMA==,PPB/E/300,BU202306567,SOLE PROPRIETOR,RETAIL,2014,KASARANI MWIKI RD,,Nairobi
1659,EREHCON PHARMACEUTICALS LTD (Nairobi),RETAIL,"PPB/E/,01045",Active,MTczNTY=,"PPB/E/,01045",BU202306491,PRIVATE COMPANY (LIMITED),RETAIL,2017,GITHURAI 44,,Nairobi
1660,ERIE PHARMACEUTICALS,RETAIL,PPB/E/1407,Active,Mjc1MTE=,PPB/E/1407,BU202308971,SOLE PROPRIETOR,RETAIL,2022,NAKURU/NAIROBI HIGHWAY,,Nairobi
1662,ERIMED PHARMACEUTICALS (Nairobi),RETAIL,PPB/E/249,Active,NDIxNA==,PPB/E/249,BU202307830,SOLE PROPRIETOR,RETAIL,2014,JOGOO RD,,Nairobi
1668,ESKIM CHEMIST,RETAIL,PPB/E/1406,Active,Mjc0MTA=,PPB/E/1406,BU202300308,SOLE PROPRIETOR,RETAIL,2022,NAIROBI MURANGA HIGHWAY,,Nairobi
1681,ESTEEM CHEMIST (Nairobi),RETAIL,PPB/E/1180,Active,MTg1NTA=,PPB/E/1180,BU202304457,SOLE PROPRIETOR,RETAIL,2018,GITANGA ROAD,,Nairobi
1684,ETHAVANS CHEMIST-KIJOS BLDG (Nairobi),RETAIL,PPB/E/0308,Active,NDk0OQ==,PPB/E/0308,BU202307710,SOLE PROPRIETOR,RETAIL,2013,OUTERING ROAD,,Nairobi
1692,EVANMED PHARMACY (Nairobi),RETAIL,PPB/E/1173,Active,MTgzNzQ=,PPB/E/1173,BU202301434,SOLE PROPRIETOR,RETAIL,2018,EASTERN BYPASS,,Nairobi
1705,EVERSERVE CHEMISTS,RETAIL,PPB/E/1483,Active,Mjk2Mjg=,PPB/E/1483,BU202309889,SOLE PROPRIETOR,RETAIL,2023,NYERI NAIROBI HIGHWAY,,Nairobi
1712,EXCEL PHARMACY  (Nairobi),RETAIL,PPB/E/310,Active,NTc4OQ==,PPB/E/310,BU202307875,SOLE PROPRIETOR,RETAIL,2014,OUTERING RD,,Nairobi
1721,EXPRESS SEVEN CHEMIST LIMITED (Nairobi),RETAIL,PPB/E/1191,Active,MTg5NTE=,PPB/E/1191,BU202306275,PRIVATE COMPANY (LIMITED),RETAIL,2018,DAGORETTI MARKET,,Nairobi
1727,F K PHARMACEUTICALS CO  LIMITED (Nairobi),RETAIL,PPB/F/676,Active,Nzc0Mg==,PPB/F/676,BU202303814,PRIVATE COMPANY (LIMITED),RETAIL,2015,KENYATTA MARKET ST.,,Nairobi
1732,FADHIRACHEM PHARMACEUTICALS  (Nairobi),RETAIL,PPB/F/662,Active,NzEwNg==,PPB/F/662,BU202307539,SOLE PROPRIETOR,RETAIL,2016,KOMAROCK INFILL B,,Nairobi
1734,FAIRCHEM PHARMACEUTICALS (Nairobi),RETAIL,PPB/F/724,Active,MTc5Nzk=,PPB/F/724,BU202302985,SOLE PROPRIETOR,RETAIL,2018,JUJA ROAD,,Nairobi
1741,FAMGEN PHARMACEUTICALS LTD (Nairobi),RETAIL,PPB/F/780,Active,MjMxNzI=,PPB/F/780,BU202302900,PRIVATE COMPANY (LIMITED),RETAIL,2018,NAIROBI,,Nairobi
1744,FAMICHEM CHEMISTS (Nairobi),RETAIL,PPB/F/655,Active,NjYzNA==,PPB/F/655,BU202310505,SOLE PROPRIETOR,RETAIL,2016,KANGUNDO ROAD,,Nairobi
1746,FAMILY FARE PHARMACY (Nairobi),RETAIL,PPB/F/766,Active,MTk1MzI=,PPB/F/766,BU202300555,SOLE PROPRIETOR,RETAIL,2019,KWA MAJI OFF KANGUNDO ROAD,,Nairobi
1750,FANMACARE PHARMACY LIMITED (Nairobi),RETAIL,PPB/F/805,Active,MjQ5NjA=,PPB/F/805,BU202306711,PARTNERSHIP,RETAIL,2017,EASTERN BYPASS,,Nairobi
1762,FASTMART PHARMACY-OTHAYA (Nairobi),RETAIL,PPB/F/3118,Active,Mjg2OTU=,PPB/F/3118,BU202305789,PARTNERSHIP,RETAIL,2023,KANGUNDO ROAD,,Nairobi
1764,FASTMEDD PHARMACEUTICALS-UMOJA (Nairobi),RETAIL,PPB/F/665,Active,NzEzNg==,PPB/F/665,BU202308200,PARTNERSHIP,RETAIL,2016,MUTINDWA ROAD,,Nairobi
1769,FAWAPHARM CHEMIST -PANGANI (Nairobi),RETAIL,PPB/F/309,Active,NTE0Ng==,PPB/F/309,BU202307715,SOLE PROPRIETOR,RETAIL,2015,NORTHVIEW ROAD,,Nairobi
1783,FEVA CHEMIST (Nairobi),RETAIL,PPB/F/97,Active,MzMyNw==,PPB/F/97,BU202306920,SOLE PROPRIETOR,RETAIL,2011,EASTERN BYPASS,,Nairobi
1784,FEWAPE CHEMISTS (Nairobi),RETAIL,PPB/F/765,Active,MTk1Mjg=,PPB/F/765,BU202306996,SOLE PROPRIETOR,RETAIL,2019,OUTERING ROAD,,Nairobi
1793,FIMA PHARMACY (Nairobi),RETAIL,PPB/F/96,Active,Mjg3NQ==,PPB/F/96,BU202300204,SOLE PROPRIETOR,RETAIL,2011,OFF MUTARAKWA ROAD,,Nairobi
1806,FIX CHEM PHARMACEUTICAL LTD (Nairobi),RETAIL,PPB/F/779,Active,MjI5MjY=,PPB/F/779,BU202300952,PRIVATE COMPANY (LIMITED),RETAIL,2020,ZANZIBAR ROAD,,Nairobi
1807,FIX CHEM PHARMACEUTICAL LTD- BALOZI (Nairobi),RETAIL,PPB/F/832,Active,MjYzNTQ=,PPB/F/832,BU202303017,PRIVATE COMPANY (LIMITED),RETAIL,2020,PLAINSVIEW ROAD,,Nairobi
1809,FLAME TREE PHARMACY LTD (Nairobi),RETAIL,PPB/F/61,Active,MTM0Ng==,PPB/F/61,BU202400008,SOLE PROPRIETOR,RETAIL,0,RING RD,,Nairobi
1813,FLAWLESS CHEMIST (Nairobi),RETAIL,PPB/F/684,Active,ODAyNQ==,PPB/F/684,BU202308892,SOLE PROPRIETOR,RETAIL,2016,MUTINDWA RD UMOJA 1,,Nairobi
1816,FLO DISPENSING CHEMIST (Nairobi),RETAIL,PPB/F/690,Active,MTY1MjM=,PPB/F/690,BU202306023,SOLE PROPRIETOR,RETAIL,2016,LUMUMBA DRIVE,,Nairobi
1823,FLOSYVIA PHARMACEUTICALS LTD (Nairobi),RETAIL,PPB/F/700,Active,MTY5NjM=,PPB/F/700,BU202301008,PRIVATE COMPANY (LIMITED),RETAIL,2016,KATANI ROAD,,Nairobi
1834,FORT HILL PHARMACY (Nairobi),RETAIL,PPB/F/752,Active,MTkyOTE=,PPB/F/752,BU202303582,SOLE PROPRIETOR,RETAIL,2019,HOSPITAL ROAD,,Nairobi
1835,FORTAY PHARMACEUTICALS (Nairobi),RETAIL,PPB/F/768,Active,MTk1NTM=,PPB/F/768,BU202309313,PARTNERSHIP,RETAIL,2019,KANGUNDO ROAD,,Nairobi
1838,FOURWAY CHEMIST (Nairobi),RETAIL,PPB/F/667,Active,NzIzMg==,PPB/F/667,BU202307804,SOLE PROPRIETOR,RETAIL,2016,DANIEL COMBONI ROAD,,Nairobi
1850,FREBCARE LIMITED (Nairobi),RETAIL,PPB/F/719,Active,MTc2OTY=,PPB/F/719,BU202307093,PRIVATE COMPANY (LIMITED),RETAIL,2017,OFF SPINE ROAD,,Nairobi
1857,FRENAMOL CHEMIST (Nairobi),RETAIL,PPB/F/704,Active,MTcxNzg=,PPB/F/704,BU202303400,SOLE PROPRIETOR,RETAIL,2017,KWA NDEGE NYAYO GATE B,,Nairobi
1865,FRIKAM CHEMISTS (Nairobi),RETAIL,PPB/F/820,Active,MjU1NDE=,PPB/F/820,BU202306016,SOLE PROPRIETOR,RETAIL,2021,PARKROAD,,Nairobi
1877,FUTURISTIC PHARMACY (Nairobi),RETAIL,PPB/F/831,Active,MjYyNTk=,PPB/F/831,BU202310046,PARTNERSHIP,RETAIL,2021,ROAD KANGUNDO KANGUNDO,,Nairobi
1891,GALLANT PHARMCARE (Nairobi),RETAIL,PPB/G/1283,Active,MjU2NjQ=,PPB/G/1283,BU202303959,SOLE PROPRIETOR,RETAIL,2021,MANYANJA ROAD,,Nairobi
1892,GALLY'S PHARMACY,RETAIL,PPB/G/1416,Active,MjkyNjk=,PPB/G/1416,BU202308844,SOLE PROPRIETOR,RETAIL,2022,MERU- NAIROBI HIGHWAY,,Nairobi
1896,GAMBE CHEMIST (Nairobi),RETAIL,PPB/G/1355,Active,Mjc0NTc=,PPB/G/1355,BU202304894,SOLE PROPRIETOR,RETAIL,2022,TUSHAURIANE/MARKET  ROAD,,Nairobi
1901,GARNET PHARMACY LIMITED (Nairobi),RETAIL,PPB/G/1174,Active,MjAyOTI=,PPB/G/1174,BU202304041,PRIVATE COMPANY (LIMITED),RETAIL,2020,LIMURU ROAD,,Nairobi
1916,GEEL PHARMACY LTD (Nairobi),RETAIL,PPB/G/ 65,Active,MTAzNg==,PPB/G/ 65,BU202308211,PARTNERSHIP,RETAIL,2013,2ND AVENUE,,Nairobi
1921,GELNA PHARMACY  (Nairobi),RETAIL,PPB/G/240,Active,MTMwNQ==,PPB/G/240,BU202304530,SOLE PROPRIETOR,RETAIL,1914,,,Nairobi
1937,GENTEEL CHEMIST LIMITED-JAMHURI (Nairobi),RETAIL,PPB/G/1130,Active,MTkxNTU=,PPB/G/1130,BU202309473,PRIVATE COMPANY (LIMITED),RETAIL,2018,NGONG ROAD,,Nairobi
1940,GEORGIOLANI LTD (Nairobi),RETAIL,PPB/G/1207,Active,MjMzNjE=,PPB/G/1207,BU202307036,PRIVATE COMPANY (LIMITED),RETAIL,2020,CHANIA AVENUE,,Nairobi
1944,GEROMED PHARMACEUTICALS LTD (Nairobi),RETAIL,PPB/G/067,Active,MzEyMA==,PPB/G/067,BU202302249,SOLE PROPRIETOR,RETAIL,1914,MUHOHO AVENUE,,Nairobi
1945,GERUCHAH PHARMACY (Nairobi),RETAIL,PPB/G/1006,Active,NzczOQ==,PPB/G/1006,BU202310867,SOLE PROPRIETOR,RETAIL,2016,KAGUNDO ROAD,,Nairobi
1946,GERY PHARMACEUTICALS - DALANI (Nairobi),RETAIL,PPB/G/186,Active,MzUwNQ==,PPB/G/186,BU202304245,SOLE PROPRIETOR,RETAIL,2011,OFF MAJANJA,,Nairobi
1954,GEWAPHARM PHARMACY (Nairobi),RETAIL,PPB/G/1245,Active,MjQ2ODM=,PPB/G/1245,BU202305331,SOLE PROPRIETOR,RETAIL,2021,SPINE,,Nairobi
1955,GHEMS CHEMIST-KARIOBANGI (Nairobi),RETAIL,PPB/G/1243,Active,MjQ1MTA=,PPB/G/1243,BU202301080,PARTNERSHIP,RETAIL,2021,KARIOBANGI RD,,Nairobi
1956,GHEMS PHARMACEUTICALS LIMITED (Nairobi),RETAIL,PPB/G/945,Active,NjA1Ng==,PPB/G/945,BU202302870,PARTNERSHIP,RETAIL,2015,FAHARI ROAD,,Nairobi
1958,GIANT CHEMIST (Nairobi),RETAIL,PPB/G/938,Active,NTk1MA==,PPB/G/938,BU202304148,SOLE PROPRIETOR,RETAIL,2015,MFANGANO STREET,,Nairobi
1962,GIDD PHARMACY LIMITED (Nairobi),RETAIL,PPB/G/1149,Active,MTk1OTE=,PPB/G/1149,BU202305896,PRIVATE COMPANY (LIMITED),RETAIL,2019,EASTERN BYPASS ROAD,,Nairobi
1964,GIDD PHARMACY LTD (Nairobi),RETAIL,PPB/G/1214,Active,MjM1MjI=,PPB/G/1214,BU202309851,PARTNERSHIP,RETAIL,2020,UTAWALA ROAD OFF EASTERN BYPASS,,Nairobi
1967,GIFTED-HANDS PHARMACY (Nairobi),RETAIL,PPB/G/1108,Active,MTg3ODc=,PPB/G/1108,BU202303175,SOLE PROPRIETOR,RETAIL,2018,KAMITI ROAD,,Nairobi
1974,GIKOPHARM PHARMACY (Nairobi),RETAIL,PPB/G/111,Active,MTcwMw==,PPB/G/111,BU202306546,SOLE PROPRIETOR,RETAIL,2004,NEW PUMWANI RD,,Nairobi
1980,GILLS PHARMACY (Nairobi),RETAIL,PPB/G/0122,Active,MTE0NA==,PPB/G/0122,BU202308492,SOLE PROPRIETOR,RETAIL,1914,MUMIAS SOUTH ROAD,,Nairobi
1989,GITA PHARMACY (Nairobi),RETAIL,PPB/G/152,Active,MTAwOQ==,PPB/G/152,BU202302371,SOLE PROPRIETOR,RETAIL,1914,JOGOO ROAD,,Nairobi
1993,GITHA PLUS PHARMACY (Nairobi),RETAIL,PPB/G/1170,Active,MjAxMzI=,PPB/G/1170,BU202308619,SOLE PROPRIETOR,RETAIL,2019,GITHURAI,,Nairobi
1994,GITHIMU PHARMACEUTICALS -SAIKA (Nairobi),RETAIL,PPB//G/281,Active,MjEwOA==,PPB//G/281,BU202302507,SOLE PROPRIETOR,RETAIL,2014,MOI DRIVE,,Nairobi
1996,GITHURA AIRPORT CHEMIST (Nairobi),RETAIL,PPB/G/1178,Active,MjA0NDE=,PPB/G/1178,BU202304090,SOLE PROPRIETOR,RETAIL,2020,GITHURAI 44,,Nairobi
1997,GITHURAI CHEMISTS (Nairobi),RETAIL,PPB/G/72,Active,MTUyMw==,PPB/G/72,BU202300647,PARTNERSHIP,RETAIL,2012,THIKA RD,,Nairobi
2000,GITOKA PHARMACY (Nairobi),RETAIL,PPB/G/302,Active,MjUzMQ==,PPB/G/302,BU202306513,SOLE PROPRIETOR,RETAIL,2013,WAIYAKI WAY,,Nairobi
2003,GIWA RAPHA SPRINGING OVER VIEW PHARMACY,RETAIL,PPB/G/1473,Active,MzA0OTY=,PPB/G/1473,BU202310946,SOLE PROPRIETOR,RETAIL,2023,KAWAIDA ALONG NAIROBI NAZARETH ROAD,,Nairobi
2005,GLADEM PHARMACY-MARURUI (Nairobi),RETAIL,PPB/G/1100,Active,MTg1Mjc=,PPB/G/1100,BU202301156,SOLE PROPRIETOR,RETAIL,2018,JUAKALI-MARURUI ROAD,,Nairobi
2013,GLEAM PHARMACY (Nairobi),RETAIL,PPB/G/228,Active,MTgwMg==,PPB/G/228,BU202309212,SOLE PROPRIETOR,RETAIL,1914,OFF KAMITI RD,,Nairobi
2027,GOCATE CHEMIST (Nairobi),RETAIL,PPB/G/1161,Active,MTk3MTY=,PPB/G/1161,BU202302367,SOLE PROPRIETOR,RETAIL,2019,AIRPORT NORTH ROAD,,Nairobi
2030,GOLAN PHARMACEUTICAL LTD JOGOO ROAD BRANCH (Nairobi),RETAIL,PPB/G/944,Active,NTk5NQ==,PPB/G/944,BU202307444,PRIVATE COMPANY (LIMITED),RETAIL,2015,JOGOO ROAD,,Nairobi
2031,GOLD-CHEM PHARMACY-GIKOMBAA (Nairobi),RETAIL,PPB/G/198,Active,MjQzMQ==,PPB/G/198,BU202301163,SOLE PROPRIETOR,RETAIL,2013,CHIRIKU LANE- BEHIDE EQUITY BANK,,Nairobi
2034,GOLDLITE PHARMACY LIMITED,RETAIL,PPB/G/1334,Active,MjY4MDQ=,PPB/G/1334,BU202309773,PARTNERSHIP,WHOLESALE,2021,MUTINDWA ROAD,,Nairobi
2035,GOLDMED PHARMACY LTD-BAZAAR PLAZA (Nairobi),RETAIL,PPB/G/108,Active,MTI2OQ==,PPB/G/108,BU202306234,PRIVATE COMPANY (LIMITED),RETAIL,2012,BIASHARA STREET,,Nairobi
2036,GOLDMED PHARMACY LTD-NAIROBI WEST (Nairobi),RETAIL,PPB/G/108B,Active,NTI2Mg==,PPB/G/108B,BU202306437,PRIVATE COMPANY (LIMITED),RETAIL,2014,GANDHI AVENUE,,Nairobi
2037,GOLDPHARM HEALTHCARE SERVICES LTD (Nairobi),RETAIL,PPB/G/171,Active,MTM3MA==,PPB/G/171,BU202309441,PARTNERSHIP,RETAIL,0,KINYANJUI ROAD,,Nairobi
2048,GOOD SPRINGS PHARMACY (Nairobi),RETAIL,PPB/G/1261,Active,MjUwMTk=,PPB/G/1261,BU202301188,SOLE PROPRIETOR,RETAIL,2021,MUHUYU ROAD,,Nairobi
2052,GOODLIFE  PHARMACY LTD-KAREN (Nairobi),RETAIL,PPB/M/605 \\\'D\\\',Active,Mjc4Nw==,PPB/M/605 \\\'D\\\',BU202300503,PRIVATE COMPANY (LIMITED),RETAIL,2010,LANGATA,,Nairobi
2053,GOODLIFE  PHARMACY LTD-ROSSLYN RIVIERA (Nairobi),RETAIL,PPB/M/8693,Active,MTY3NTU=,PPB/M/8693,BU202300575,PRIVATE COMPANY (LIMITED),RETAIL,2010,LIMURU,,Nairobi
2055,GOODLIFE PHARMACY  LTD- GREENSPAN (Nairobi),RETAIL,PPB/M/8519,Active,NjgwMg==,PPB/M/8519,BU202307518,PRIVATE COMPANY (LIMITED),RETAIL,2010,DONHOLM ROAD,,Nairobi
2065,GOODLIFE PHARMACY LIMITED - CITY SQUARE (Nairobi),RETAIL,PPB/G/1091,Active,MTgyNjY=,PPB/G/1091,BU202303903,PRIVATE COMPANY (LIMITED),RETAIL,2004,HARAMBEE AVENUE,,Nairobi
2070,GOODLIFE PHARMACY LIMITED - EASTGATE MALL (Nairobi),RETAIL,PPB/G/1139,Active,MTkzOTE=,PPB/G/1139,BU202300636,PRIVATE COMPANY (LIMITED),RETAIL,2014,MANYANJA ROAD,,Nairobi
2073,GOODLIFE PHARMACY LIMITED - GENERAL MATHENGE (WESTLANDS) (Nairobi),RETAIL,PPB/G/1187,Active,MjA1Mjc=,PPB/G/1187,BU202300570,PRIVATE COMPANY (LIMITED),RETAIL,2014,GENERAL MATHENGE,,Nairobi
2080,GOODLIFE PHARMACY LIMITED - HURLINGHAM PLAZA (Nairobi),RETAIL,PPB/G/1303,Active,MjYxNjA=,PPB/G/1303,BU202310549,PRIVATE COMPANY (LIMITED),RETAIL,2014,ARGWINGS KODHEK,,Nairobi
2087,GOODLIFE PHARMACY LIMITED - KENOL LORESHO (Nairobi),RETAIL,PPB/G/1204,Active,MjMxNjk=,PPB/G/1204,BU202305006,PRIVATE COMPANY (LIMITED),RETAIL,2015,LORESHO RIDGE,,Nairobi
2089,GOODLIFE PHARMACY LIMITED - KENYATTA AVENUE (Nairobi),RETAIL,PPB/G/1134,Active,MTkyMTY=,PPB/G/1134,BU202306963,PRIVATE COMPANY (LIMITED),RETAIL,2014,KENYATTA AVENUE,,Nairobi
2091,GOODLIFE PHARMACY LIMITED - KILIMANI (Nairobi),RETAIL,PPB/G/1165,Active,MTk4MDI=,PPB/G/1165,BU202302679,PRIVATE COMPANY (LIMITED),RETAIL,2015,ARGWINGS KODHEK RD,,Nairobi
2093,GOODLIFE PHARMACY LIMITED - KISUMU MEGA CITY MALL,RETAIL,PPB/G/1323,REVOKED,MjY0NDU=,PPB/G/1323,BU202302683,PRIVATE COMPANY (LIMITED),RETAIL,2014,NAIROBI ROAD,,Nairobi
2094,GOODLIFE PHARMACY LIMITED - KISUMU MEGA CITY MALL (KISUMU),RETAIL,PPB/G/1474,Active,MzA0OTk=,PPB/G/1474,BU202310949,PRIVATE COMPANY (LIMITED),RETAIL,2014,NAIROBI ROAD,,Nairobi
2098,GOODLIFE PHARMACY LIMITED - LAVINGTON (NAIROBI) (Nairobi),RETAIL,PPB/G/1195,Active,MjI4MzA=,PPB/G/1195,BU202303641,PRIVATE COMPANY (LIMITED),RETAIL,2014,JAMES GICHURU,,Nairobi
2105,GOODLIFE PHARMACY LIMITED - MUTHAIGA (Nairobi),RETAIL,PPB/G/1112,Active,MTg4Mzg=,PPB/G/1112,BU202301112,PRIVATE COMPANY (LIMITED),RETAIL,2004,LIMURU ROAD,,Nairobi
2106,GOODLIFE PHARMACY LIMITED - NAIROBI MEGA (UHURU HIGHWAY) (Nairobi),RETAIL,PPB/G/1239,Active,MjQzODc=,PPB/G/1239,BU202301129,PRIVATE COMPANY (LIMITED),RETAIL,2014,UHURU HIGHWAY,,Nairobi
2107,GOODLIFE PHARMACY LIMITED - NAIROBI WEST,RETAIL,PPB/G/1432,Active,Mjk2MDU=,PPB/G/1432,BU202309792,PRIVATE COMPANY (LIMITED),RETAIL,2014,MUTHAITI ROAD NAIROBI WEST,,Nairobi
2122,GOODLIFE PHARMACY LIMITED - RHAPTA ROAD (Nairobi),RETAIL,PPB/G/1304,Active,MjYxNjE=,PPB/G/1304,BU202305850,PRIVATE COMPANY (LIMITED),RETAIL,2014,MUMIAS ROAD,,Nairobi
2135,GOODLIFE PHARMACY LIMITED - SARIT CENTRE (Nairobi),RETAIL,PPB/G/1152,Active,MTk2MDI=,PPB/G/1152,BU202300574,PRIVATE COMPANY (LIMITED),RETAIL,2014,KARUNA ROAD,,Nairobi
2136,GOODLIFE PHARMACY LIMITED - SAROVA STANLEY (KIMATHI STREET) (Nairobi),RETAIL,PPB/G/1210,Active,MjM0MDE=,PPB/G/1210,BU202307400,PRIVATE COMPANY (LIMITED),RETAIL,2014,KIMATHI STREET,,Nairobi
2137,GOODLIFE PHARMACY LIMITED - SHELL HURLINGHAM (Nairobi),RETAIL,PPB/G/1071,Active,MTc4NDY=,PPB/G/1071,BU202301114,PRIVATE COMPANY (LIMITED),RETAIL,2017,ARWINGS KODHEK ROAD,,Nairobi
2139,GOODLIFE PHARMACY LIMITED - SHELL RIDGEWAYS (Nairobi),RETAIL,PPB/G/1059,Active,MTc1ODc=,PPB/G/1059,BU202300573,PRIVATE COMPANY (LIMITED),RETAIL,2010,KIAMBU ROAD,,Nairobi
2140,GOODLIFE PHARMACY LIMITED - SHELL TEGEMEO (Nairobi),RETAIL,PPB/G/1057,Active,MTc1ODQ=,PPB/G/1057,BU202304042,PRIVATE COMPANY (LIMITED),RETAIL,2010,WIAYAKI WAY,,Nairobi
2148,GOODLIFE PHARMACY LIMITED - TOTAL LANGATA RD (KAREN)  (Nairobi),RETAIL,PPB/G/1186,Active,MjA1MjY=,PPB/G/1186,BU202303642,PRIVATE COMPANY (LIMITED),RETAIL,2014,LANGATA ROAD,,Nairobi
2155,GOODLIFE PHARMACY LIMITED - VILLAGE MARKET (Nairobi),RETAIL,PPB/G/1072,Active,MTc4NDg=,PPB/G/1072,BU202301116,PRIVATE COMPANY (LIMITED),RETAIL,2014,LIMURU ROAD,,Nairobi
2157,GOODLIFE PHARMACY LIMITED - WATERFRONT (Nairobi),RETAIL,PPB/G/1164,Active,MTk3OTE=,PPB/G/1164,BU202302682,PRIVATE COMPANY (LIMITED),RETAIL,2014,LANGATA ROAD,,Nairobi
2159,GOODLIFE PHARMACY LIMITED - WESTLANDS ARCADE (Nairobi),RETAIL,PPB/G/1053,Active,MTc0OTk=,PPB/G/1053,BU202306955,PRIVATE COMPANY (LIMITED),RETAIL,2010,PARKLANDS RING ROAD,,Nairobi
2161,GOODLIFE PHARMACY LIMITED - WESTLANDS SQUARE (Nairobi),RETAIL,PPB/G/1058,Active,MTc1ODU=,PPB/G/1058,BU202307013,PRIVATE COMPANY (LIMITED),RETAIL,2010,WAIYAKI WAY,,Nairobi
2164,GOODLIFE PHARMACY LIMITED- GARDEN ESTATE (Nairobi),RETAIL,PPB/G/1196,Active,MjI4MzE=,PPB/G/1196,BU202300631,PRIVATE COMPANY (LIMITED),RETAIL,2015,NEW GARDEN ESTASTE ROAD,,Nairobi
2165,GOODLIFE PHARMACY LIMITED- NEW SARIT (Nairobi),RETAIL,PPB/G/1155,Active,MTk2MjE=,PPB/G/1155,BU202310871,PRIVATE COMPANY (LIMITED),RETAIL,2015,KARUNA ROAD,,Nairobi
2167,GOODLIFE PHARMACY LIMITED-RIDGEWAYS (Nairobi),RETAIL,PPB/M/605 \\\'A\\\',Active,NDk4NA==,PPB/M/605 \\\'A\\\',BU202302330,PRIVATE COMPANY (LIMITED),RETAIL,2010,KIAMBU ROAD,,Nairobi
2171,GOODLIFE PHARMACY LTD -GARDEN CITY (Nairobi),RETAIL,PPB/M/8468,Active,NjI2OA==,PPB/M/8468,BU202302792,PRIVATE COMPANY (LIMITED),RETAIL,2015,THIKA HIGHWAY,,Nairobi
2172,GOODLIFE PHARMACY LTD -LANGATA (Nairobi),RETAIL,PPB/M/1196 \\\'C\\\',Active,NDk4OQ==,PPB/M/1196 \\\'C\\\',BU202302163,PRIVATE COMPANY (LIMITED),RETAIL,2009,LANGATA ROAD,,Nairobi
2173,GOODLIFE PHARMACY LTD -NGONG ROAD (Nairobi),RETAIL,PPB/M/1196  \\\'A\\\',Active,NDk5Mg==,PPB/M/1196  \\\'A\\\',BU202302473,PRIVATE COMPANY (LIMITED),RETAIL,2002,NGONG ROAD,,Nairobi
2176,GOODLIFE PHARMACY LTD SHELL KAREN (Nairobi),RETAIL,PPB/M/8534,Active,NjkwOQ==,PPB/M/8534,BU202300634,PRIVATE COMPANY (LIMITED),RETAIL,2016,NGONG ROAD/LANGATA SOUTH ROAD,,Nairobi
2177,GOODLIFE PHARMACY LTD THOME SHELL (Nairobi),RETAIL,PPB/M/8683,Active,MTY2NjI=,PPB/M/8683,BU202305007,PRIVATE COMPANY (LIMITED),RETAIL,2010,THIKA ROAD,,Nairobi
2178,GOODLIFE PHARMACY LTD VALLEY ARCADE (Nairobi),RETAIL,PPB/G/1052,Active,MTc0NjI=,PPB/G/1052,BU202304327,PRIVATE COMPANY (LIMITED),RETAIL,2010,GITANGA ROAD,,Nairobi
2179,GOODLIFE PHARMACY LTD- SHELL MADARAKA (Nairobi),RETAIL,PPB/M/8530,Active,Njg3Nw==,PPB/M/8530,BU202305480,PRIVATE COMPANY (LIMITED),RETAIL,2016,LANGATA ROAD,,Nairobi
2180,GOODLIFE PHARMACY LTD-HURLINGAM (Nairobi),RETAIL,PPB/M/1196 \\\'D\\\',Active,NDk4OA==,PPB/M/1196 \\\'D\\\',BU202301117,PRIVATE COMPANY (LIMITED),RETAIL,2010,ARWINGS KODHEK,,Nairobi
2181,GOODLIFE PHARMACY LTD-JUNCTION BRANCH (Nairobi),RETAIL,PPB/M/605\\\\\\\\\\\\\\\'C,Active,NDk4NQ==,PPB/M/605\\\\\\\\\\\\\\\'C,BU202300455,PRIVATE COMPANY (LIMITED),RETAIL,2010,NGONG ROAD,,Nairobi
2184,GOODLIFE PHARMACY LTD-WESTGATE (Nairobi),RETAIL,PPB/M/8481,Active,NjQyMQ==,PPB/M/8481,BU202301039,PRIVATE COMPANY (LIMITED),RETAIL,2015,MWANZI ROAD,,Nairobi
2189,GOODSTART PHARMACY LIMITED  (Nairobi),RETAIL,PPB/G/1221,Active,MjM5NDk=,PPB/G/1221,BU202303752,PARTNERSHIP,RETAIL,2020,SHIVACHI ROAD,,Nairobi
2190,GOODWILL CHEMIST (Nairobi),RETAIL,PPB/G/291,Active,MjUzNA==,PPB/G/291,BU202307099,SOLE PROPRIETOR,RETAIL,2011,GATHURU ROAD,,Nairobi
2210,GRAMARK PHARMACY (Nairobi),RETAIL,PPB/G/297,Active,MjU4Ng==,PPB/G/297,BU202309585,SOLE PROPRIETOR,RETAIL,2014,OKOTH AURA RD,,Nairobi
2212,GRAND CHEMIST (Nairobi),RETAIL,PPB/G/17,Active,MTE3Mg==,PPB/G/17,BU202302161,PARTNERSHIP,RETAIL,1991,,,Nairobi
2218,GRASHA PHARMA (Nairobi),RETAIL,PPB/G/247,Active,MTQ1MA==,PPB/G/247,BU202307674,SOLE PROPRIETOR,RETAIL,2013,OFF MFANGANO STREET,,Nairobi
2225,GREAT TIMES CHEMIST (Nairobi),RETAIL,PPB/G/1129,Active,MTkxMzE=,PPB/G/1129,BU202301938,PARTNERSHIP,RETAIL,2018,"EASTERN BYPASS,MIHANGO ROAD",,Nairobi
2229,GREEN COUNTY PHARMACY LTD (Nairobi),RETAIL,PPB/G/213,Active,MTI5OA==,PPB/G/213,BU202307977,SOLE PROPRIETOR,RETAIL,2012,BAGAMOYO RD,,Nairobi
2232,GREENDAM PHARMACY  (Nairobi),RETAIL,PPB/G/1275,Active,MjUzMzQ=,PPB/G/1275,BU202309955,SOLE PROPRIETOR,RETAIL,2021,NASRA ESTATE,,Nairobi
2235,GREENSPAN CHEMISTS (Nairobi),RETAIL,PPB/G/966,Active,NjY0Nw==,PPB/G/966,BU202306602,PARTNERSHIP,RETAIL,2016,RING ROAD KILIMANI,,Nairobi
2238,GRIFFINS PHARMACEUTICAL LTD (Nairobi),RETAIL,PPB/G/1106,Active,MTg3NDA=,PPB/G/1106,BU202306680,PRIVATE COMPANY (LIMITED),RETAIL,2018,SPINE ROAD PLAZA,,Nairobi
2244,GUARDMANN CHEMIST (Nairobi),RETAIL,PPB/G/12,Active,MTU3OQ==,PPB/G/12,BU202306835,SOLE PROPRIETOR,RETAIL,2001,MCHUMBI ROAD,,Nairobi
2246,GUD PHARMACY (Nairobi),RETAIL,PPB/G/1013,Active,NzkyMw==,PPB/G/1013,BU202300086,SOLE PROPRIETOR,RETAIL,2015,OFF DONHOLM ROAD,,Nairobi
2248,GUDTONS PHARMACY (Nairobi),RETAIL,PPB/G/1085,Active,MTgxNTY=,PPB/G/1085,BU202303124,SOLE PROPRIETOR,RETAIL,2018,SAVANNAH ROAD,,Nairobi
2249,GUIDE PHARMACEUTICAL  (Nairobi),RETAIL,PPB/G/239,Active,MTEwNQ==,PPB/G/239,BU202303573,SOLE PROPRIETOR,RETAIL,2011,OUTERING,,Nairobi
2250,GUMMI PHARMACY,RETAIL,PPB/G/1331,Active,MjY3ODg=,PPB/G/1331,BU202303229,PARTNERSHIP,RETAIL,2022,MOYALE -NAIROBI HIGHWAY,,Nairobi
2252,GURUKRUPA PHARMACY LIMITED (Nairobi),RETAIL,PPB/G/1121,Active,MTkwMDQ=,PPB/G/1121,BU202303655,PRIVATE COMPANY (LIMITED),RETAIL,2018,ITESYO LANE,,Nairobi
2256,GY-VIPHARM PHARMACY (Nairobi),RETAIL,PPB/G/1284,Active,MjU2ODk=,PPB/G/1284,BU202301781,SOLE PROPRIETOR,RETAIL,2021,JUJA ROAD,,Nairobi
2258,HABEMUS PHARMACY (Nairobi),RETAIL,PPB/H/,Active,NTc3Nw==,PPB/H/,BU202309004,SOLE PROPRIETOR,RETAIL,2013,MUTARAKWA RD,,Nairobi
2267,HAJAR PHARMACY LIMITED (Nairobi),RETAIL,PPB/H/8980,Active,MjQ1MTI=,PPB/H/8980,BU202302079,PARTNERSHIP,RETAIL,2021,SECOND AVENUE,,Nairobi
2268,HAKATI CHEMISTS (Nairobi),RETAIL,PPB/H/27,Active,MTI2Ng==,PPB/H/27,BU202308026,SOLE PROPRIETOR,RETAIL,2013,,,Nairobi
2270,HALANE PHARMACEUTICALS LIMITED (Nairobi),RETAIL,PPB/H/1846,Active,MTk0MzI=,PPB/H/1846,BU202305968,PRIVATE COMPANY (LIMITED),RETAIL,2018,JAM STREET,,Nairobi
2277,HALLION PHARMACY (Nairobi),RETAIL,PPB/H/1561,Active,MTY3ODE=,PPB/H/1561,BU202302764,SOLE PROPRIETOR,RETAIL,2017,OFF KAMITI ROAD ZIMMERMAN,,Nairobi
2280,HALTONS LIMITED - BISHOP GATE (Nairobi),RETAIL,PPB/H/8935,Active,MjA1Nzk=,PPB/H/8935,BU202305978,PRIVATE COMPANY (LIMITED),RETAIL,2013,"5TH AVENUE, NGONG ROAD",,Nairobi
2284,HALTONS LIMITED - NGUMBA (Nairobi),RETAIL,PPB/H/1520,Active,NzUwOA==,PPB/H/1520,BU202305578,PRIVATE COMPANY (LIMITED),RETAIL,2013,EAST AFRICA BREWERIES ROAD,,Nairobi
2286,HALTONS LIMITED - TASSIA (Nairobi),RETAIL,PPB/H/1475,Active,NjYwNA==,PPB/H/1475,BU202305567,PRIVATE COMPANY (LIMITED),RETAIL,2013,TASSIA FEDHA ROAD,,Nairobi
2290,HALTONS LTD - KAREN (Nairobi),RETAIL,PPB/H/1457,Active,NjMwNg==,PPB/H/1457,BU202305930,PRIVATE COMPANY (LIMITED),RETAIL,2013,NGONG ROAD,,Nairobi
2291,HALTONS LTD - KASARANI (Nairobi),RETAIL,PPB/H/152 A,Active,MzgzNQ==,PPB/H/152 A,BU202305728,PRIVATE COMPANY (LIMITED),RETAIL,2007,MWIKI ROAD,,Nairobi
2292,HALTONS LTD - PIPELINE (Nairobi),RETAIL,PPB/H/1450,Active,NjEzMg==,PPB/H/1450,BU202305973,PRIVATE COMPANY (LIMITED),RETAIL,2013,OUTER-RING ROAD,,Nairobi
2293,HALTONS LTD - SOUTH C (Nairobi),RETAIL,PPB/H/1464,Active,NjM4Nw==,PPB/H/1464,BU202305574,PRIVATE COMPANY (LIMITED),RETAIL,2013,FIVESTAR ROAD,,Nairobi
2295,HALTONS LTD- SOUTH B (Nairobi),RETAIL,PPB/H/444,Active,MjgxNw==,PPB/H/444,BU202305727,PRIVATE COMPANY (LIMITED),RETAIL,2013,KAPITI RD,,Nairobi
2300,HANAANO PHARMACY (Nairobi),RETAIL,PPB/H/106,Active,MTQ3Nw==,PPB/H/106,BU202308198,SOLE PROPRIETOR,RETAIL,1914,ATHUMAN KIPANGA,,Nairobi
2307,HANNAN PHARMACY (Nairobi),RETAIL,PPB/H/1556,Active,MTY2MTQ=,PPB/H/1556,BU202309239,SOLE PROPRIETOR,RETAIL,2017,45/44ROUTE.OPP CATHOLIC CHURCH,,Nairobi
2316,HARIPHARM PHARMACEUTICALS LTD -UMOJA (Nairobi),RETAIL,PPB/H/73 \'A\',Active,MzEzNg==,PPB/H/73 \'A\',BU202300850,PRIVATE COMPANY (LIMITED),RETAIL,2008,,,Nairobi
2317,HARJU GHEMIST LIMITED (Nairobi),RETAIL,PPB/H/9003,Active,MjUyMTc=,PPB/H/9003,BU202309472,SOLE PROPRIETOR,RETAIL,2021,BOGANI ROAD,,Nairobi
2325,HARRICARE CHEMISTS (Nairobi),RETAIL,PPB/H/1604,Active,MTgwMTk=,PPB/H/1604,BU202303489,SOLE PROPRIETOR,RETAIL,2017,GATHURU ROAD,,Nairobi
2327,HARRY AND STAN LIMITED (Nairobi),RETAIL,PPB/H/9149,Active,MzAzMzQ=,PPB/H/9149,BU202310760,SOLE PROPRIETOR,RETAIL,2023,AIRPORT NORTH ROAD,,Nairobi
2329,HARTLANE PHARMACEUTICALS LTD - RIVER ROAD (Nairobi),RETAIL,PPB/H,Active,MzYxOQ==,PPB/H,BU202304968,PRIVATE COMPANY (LIMITED),RETAIL,2007,RIVER ROAD,,Nairobi
2346,HAZLET PHARMACY (Nairobi),RETAIL,PPB/H/8896,Active,MTkzNjg=,PPB/H/8896,BU202308616,PARTNERSHIP,RETAIL,2019,KATANI ROAD,,Nairobi
2354,HEALINGPORT PHARMACY (Nairobi),RETAIL,PPB/H/8952,Active,MjM1MTY=,PPB/H/8952,BU202309874,SOLE PROPRIETOR,RETAIL,2020,KAMITI ROAD,,Nairobi
2355,HEALINGRAY PHARMACY (Nairobi),RETAIL,PPB/H/1537,Active,Nzk3Mw==,PPB/H/1537,BU202303021,SOLE PROPRIETOR,RETAIL,2016,MUTARAKWA ROAD,,Nairobi
2359,HEALSENSE PHARMACEUTICALS LIMITED (Nairobi),RETAIL,PPB/H/9147,Active,MzAyNzk=,PPB/H/9147,BU202310706,PRIVATE COMPANY (LIMITED),RETAIL,2023,ARGWINGS KODHEK ROAD,,Nairobi
2360,HEALSTARCHEM PHARMACY (Nairobi),RETAIL,PPB/H/8902,Active,MTk0NjI=,PPB/H/8902,BU202303014,SOLE PROPRIETOR,RETAIL,2018,MOI DRIVE,,Nairobi
2363,HEALTH AID CHEMIST (Nairobi),RETAIL,PPB/H/1521,Active,NzU2OA==,PPB/H/1521,BU202301708,SOLE PROPRIETOR,RETAIL,2016,MUTHITHI/MPAKA JUNCTION,,Nairobi
2366,HEALTH GIVING CHEMISTS (Nairobi),RETAIL,PPB/H/1588,Active,MTc0ODU=,PPB/H/1588,BU202302653,SOLE PROPRIETOR,RETAIL,2017,MANYANJA ROAD,,Nairobi
2382,HEALTHCARE PHARMACEUTICALS LTD-GIGIRI (Nairobi),RETAIL,PPB/H/454,Active,MzM3OA==,PPB/H/454,BU202301726,PRIVATE COMPANY (LIMITED),RETAIL,2014,"LIMURU ROAD, GIGIRI",,Nairobi
2386,HEALTHLINK PHARMACY  (Nairobi),RETAIL,PPB/H/461,Active,NDUzNw==,PPB/H/461,BU202308146,SOLE PROPRIETOR,RETAIL,2014,OUTERING,,Nairobi
2388,HEALTHNET PHARMACY  (Nairobi),RETAIL,PPB/H/9073,Active,MjgwMTU=,PPB/H/9073,BU202304266,SOLE PROPRIETOR,RETAIL,2022,KAREN PLAINS RD,,Nairobi
2393,HEALTHWAY CHEMIST  (Nairobi),RETAIL,PPB/H/162,Active,MTI1NQ==,PPB/H/162,BU202305100,SOLE PROPRIETOR,RETAIL,2011,,,Nairobi
2394,HEALTHWAY LTD (Nairobi),RETAIL,PPB/H/413,Active,NDI3Mg==,PPB/H/413,BU202304442,PARTNERSHIP,RETAIL,2014,,,Nairobi
2395,HEALTHWEST PHARMACY (Nairobi),RETAIL,PPB/H/135,Active,MTQ1MQ==,PPB/H/135,BU202307975,SOLE PROPRIETOR,RETAIL,2011,BIMA RD,,Nairobi
2396,HEALTHY DIAGNOSIS PHARMACY (Nairobi),RETAIL,PPB/H/436,Active,NjAxNQ==,PPB/H/436,BU202307429,SOLE PROPRIETOR,RETAIL,2014,OFF JUJA RD,,Nairobi
2401,HEALTHYVIBE PHARMACY (Nairobi),RETAIL,PPB/H/8962,Active,MjM5MDg=,PPB/H/8962,BU202305641,SOLE PROPRIETOR,RETAIL,2021,KANISANI ROAD,,Nairobi
2412,HEKIMA TOWN CHEMIST (Nairobi),RETAIL,PPB/H/1467,Active,NjQ0MQ==,PPB/H/1467,BU202309650,SOLE PROPRIETOR,RETAIL,2015,THIKA RD,,Nairobi
2427,HENTA PHARMACY LTD (Nairobi),RETAIL,PPB/H/8986,REVOKED,MjQ2NjI=,PPB/H/8986,BU202301611,PARTNERSHIP,RETAIL,2021,MOI DRIVE,,Nairobi
2439,HEYLUS CHEMIST (Nairobi),RETAIL,PPB/H/1618,Active,MTgzNTY=,PPB/H/1618,BU202304139,SOLE PROPRIETOR,RETAIL,2018,NORTHERN BYPASS,,Nairobi
2453,HIGHPHARM PHARMACEUTICALS LIMITED -MERINIKO (Nairobi),RETAIL,PPB/H/118B,Active,NTIwNQ==,PPB/H/118B,BU202303259,PRIVATE COMPANY (LIMITED),RETAIL,2009,OFF MOI DRIVE,,Nairobi
2454,HIGHPHARM PHARMACEUTICALS LTD-NYANDO STAGE (Nairobi),RETAIL,PPB/H/410 C,Active,MTQxNw==,PPB/H/410 C,BU202304305,PRIVATE COMPANY (LIMITED),RETAIL,2013,BERGAIN RD,,Nairobi
2455,HIGHRIDGE PHARMACY LIMITED - KRISHNA PARK (Nairobi),RETAIL,PPB/H/8921,Active,MTk3NTg=,PPB/H/8921,BU202301552,PRIVATE COMPANY (LIMITED),RETAIL,2019,3RD PARKLANDS,,Nairobi
2456,HIGHRIDGE PHARMACY LTD (Nairobi),RETAIL,PPB/H/29,Active,MTc3Mw==,PPB/H/29,BU202301512,PARTNERSHIP,RETAIL,2012,3RD PARKLANDS AVENUE,,Nairobi
2457,HIGHTONE PHARMACIES LIMITED-MOWLEM (Nairobi),RETAIL,PPB/H/1581,Active,MTcyNDU=,PPB/H/1581,BU202309016,PRIVATE COMPANY (LIMITED),RETAIL,2016,MOI DRIVE,,Nairobi
2458,HIGHTONE PHARMACIES-NAIROBI WEST (Nairobi),RETAIL,PPB/H/1603,Active,MTc5NjY=,PPB/H/1603,BU202308736,PRIVATE COMPANY (LIMITED),RETAIL,2016,LANGATA ROAD,,Nairobi
2460,HIJAZ PHARMACEUTICALS  LTD  -SALAMA BULDING (Nairobi),RETAIL,PPB/AH/482,Active,NTgxNA==,PPB/AH/482,BU202303106,PRIVATE COMPANY (LIMITED),RETAIL,2014,7TH STREET,,Nairobi
2461,HIKMAS PHARMA LTD (Nairobi),RETAIL,PPB/H/270,Active,Mzg2NQ==,PPB/H/270,BU202306968,SOLE PROPRIETOR,RETAIL,1915,5TH 2ND AV,,Nairobi
2466,HILLCARE PHARMACEUTICALS (Nairobi),RETAIL,PPB/H/1620,Active,MTg0MTI=,PPB/H/1620,BU202301970,SOLE PROPRIETOR,RETAIL,2018,BURUBURU ROAD,,Nairobi
2470,HILLS PHARMACEUTICALS (Nairobi),RETAIL,PPB/H/439,Active,MzM5Ng==,PPB/H/439,BU202302135,SOLE PROPRIETOR,RETAIL,2014,LIMURU ROAD,,Nairobi
2474,HILLYCHEM PHARMACY-NAIROBI (Nairobi),RETAIL,PPB/H/465,Active,NDYyNQ==,PPB/H/465,BU202307514,PRIVATE COMPANY (LIMITED),RETAIL,2015,MUKOMA ROAD,,Nairobi
2510,HORSET PHARMACY LIMITED (Nairobi),RETAIL,PPB/H/8965,Active,MjM5NzU=,PPB/H/8965,BU202305354,PARTNERSHIP,RETAIL,2020,BEHIND ALHIDAYA MOSQUE,,Nairobi
2513,HOSICHEM LTD (Nairobi),RETAIL,PPB/H/8978,REVOKED,MjQ0NzA=,PPB/H/8978,BU202300778,SOLE PROPRIETOR,RETAIL,2018,LENANA ROAD,,Nairobi
2516,HOSPHARM HEALTHCARE LIMITED (Nairobi),RETAIL,PPB/H/8928,Active,MjAxMjY=,PPB/H/8928,BU202309108,PARTNERSHIP,RETAIL,2019,BUILDING/ PLOT L R 359 ROAD KOMAROCK ROA,,Nairobi
2520,HOSSANA CHEMIST (Nairobi),RETAIL,PPB/H/138,Active,ODky,PPB/H/138,BU202302593,SOLE PROPRIETOR,RETAIL,2011,GATHERU RD,,Nairobi
2521,HOST PHARMACY (Nairobi),RETAIL,PPB/H/13,Active,MTE1MA==,PPB/H/13,BU202303066,SOLE PROPRIETOR,RETAIL,1997,,,Nairobi
2526,HUMANE PHARMACEUTICALS (Nairobi),RETAIL,PPB/H/8899,Active,MTk0MDE=,PPB/H/8899,BU202301124,SOLE PROPRIETOR,RETAIL,2019,OUTERING ROAD,,Nairobi
2528,HUMANE PHARMACEUTICALS LTD - FEDHA (Nairobi),RETAIL,PPB/H/8970,Active,MjQxNjM=,PPB/H/8970,BU202301123,PRIVATE COMPANY (LIMITED),RETAIL,2021,MWALIMU DRIVE,,Nairobi
2540,HYCHEM PHARMACEUTICALS (Nairobi),RETAIL,PPB/H/98,Active,MTQ0Mg==,PPB/H/98,BU202305648,SOLE PROPRIETOR,RETAIL,1914,GARDEN ESTATE RD,,Nairobi
2541,HYPER PHARMACY (Nairobi),RETAIL,PPB/H/95,Active,NTE0OA==,PPB/H/95,BU202307932,SOLE PROPRIETOR,RETAIL,2006,NGONG ROAD,,Nairobi
2542,IBIZA PHARMACY (Nairobi),RETAIL,PPB/I/124,Active,NDMxOA==,PPB/I/124,BU202308171,SOLE PROPRIETOR,RETAIL,2014,KABIRIA RD,,Nairobi
2569,IMMEDIATE CARE PHARMACY,RETAIL,PPB/I/10240,Active,MjYzNjg=,PPB/I/10240,BU202306952,SOLE PROPRIETOR,RETAIL,2022,OFF NAKURU-NAIROBI ROAD,,Nairobi
2579,INFILMEDS PHARMACY (Nairobi),RETAIL,PPB/I/10184,Active,MTg4MDU=,PPB/I/10184,BU202304937,SOLE PROPRIETOR,RETAIL,2018,KANGARU ROAD,,Nairobi
2581,INKAMED PHARMACEUTICALS LIMITED-RUBIS LANGATA (Nairobi),RETAIL,PPB/I/10230,Active,MjUzNzY=,PPB/I/10230,BU202305976,PRIVATE COMPANY (LIMITED),RETAIL,2021,LANGATA ROAD,,Nairobi
2582,INKAMED PHARMACEUTICALS LTD-UCHUMI  AGA KHAN WALK (Nairobi),RETAIL,PPB/I/10137,Active,NzYyOQ==,PPB/I/10137,BU202305977,PRIVATE COMPANY (LIMITED),RETAIL,2016,AGA KHAN WALK,,Nairobi
2583,INKAMED PHARMACEUTICALS NEXTGEN MALL (Nairobi),RETAIL,PPB/I/10144,Active,MTY2MjI=,PPB/I/10144,BU202305975,PRIVATE COMPANY (LIMITED),RETAIL,2017,MOMBASA ROAD,,Nairobi
2584,INNERCORE PHARMACY-NAIVASHA (Nairobi),RETAIL,PPB/I/76,Active,MTU4MA==,PPB/I/76,BU202300518,SOLE PROPRIETOR,RETAIL,1914,MOI DRIVE,,Nairobi
2587,INSTANT PHARMACY (Nairobi),RETAIL,PPB/I/10140,Active,MTY0NDc=,PPB/I/10140,BU202303804,PARTNERSHIP,RETAIL,2014,NGONG ROAD,,Nairobi
2589,INTEL PHARMACEUTICALS (Nairobi),RETAIL,PPB/I/127,Active,MzgxNw==,PPB/I/127,BU202302093,SOLE PROPRIETOR,RETAIL,2014,MWIKI RD,,Nairobi
2590,INTERCARE PHARMACY (Nairobi),RETAIL,PPB/I/10146,Active,MTY3NTc=,PPB/I/10146,BU202304230,SOLE PROPRIETOR,RETAIL,2020,SAVANNA ROAD,,Nairobi
2595,INTERPHASE PHARMACEUTICALS LIMITED (Nairobi),RETAIL,PPB/I/10196,Active,MTk3ODQ=,PPB/I/10196,BU202303167,PRIVATE COMPANY (LIMITED),RETAIL,2019,UTAWALA ROAD,,Nairobi
2599,IPOPHARM LTD - KITENGELA (Nairobi),RETAIL,PPB/I/123,Active,NTExMg==,PPB/I/123,BU202309395,SOLE PROPRIETOR,RETAIL,2014,UPPERHILL,,Nairobi
2631,JACAD MEDPOINT (Nairobi),RETAIL,PPB/J/738,Active,MTgwODY=,PPB/J/738,BU202308967,SOLE PROPRIETOR,RETAIL,2018,TASSIA ROAD,,Nairobi
2632,JACARANDA CHEMIST - PANGANI BRANCH (Nairobi),RETAIL,PPB/J/580,Active,NTg4NQ==,PPB/J/580,BU202304018,PRIVATE COMPANY (LIMITED),RETAIL,2015,FAIRVIEW STREET,,Nairobi
2635,JACKEVA PHARMACY LTD (Nairobi),RETAIL,PPB/J/207,Active,MTc3OA==,PPB/J/207,BU202302265,SOLE PROPRIETOR,RETAIL,1914,FEDHA ROAD,,Nairobi
2640,JACMUCARE CHEMIST (Nairobi),RETAIL,PPB/J/1104,Active,MjMwNzA=,PPB/J/1104,BU202306026,SOLE PROPRIETOR,RETAIL,2019,DESAI ROAD,,Nairobi
2649,JADLYNE CHEMIST (Nairobi),RETAIL,PPB/J/1040,Active,MTgyNDg=,PPB/J/1040,BU202307150,SOLE PROPRIETOR,RETAIL,2018,KAMITI ROAD,,Nairobi
2654,JAGEM CHEMIST (Nairobi),RETAIL,PPB/J/666,Active,NzkwNQ==,PPB/J/666,BU202307767,SOLE PROPRIETOR,RETAIL,2016,UTAWALA- GITHUNGURI ROAD,,Nairobi
2659,JAIT PHARMACY (Nairobi),RETAIL,PPB/J/370,Active,MjY4NQ==,PPB/J/370,BU202301636,SOLE PROPRIETOR,RETAIL,2014,LUMUMBA DRIVE,,Nairobi
2686,JAMLINK PHARMACY (Nairobi),RETAIL,PPB/J/1056,Active,MTg2NDU=,PPB/J/1056,BU202309780,SOLE PROPRIETOR,RETAIL,2013,WOODSTREET,,Nairobi
2687,JAMON CHEMIST (Nairobi),RETAIL,PPB/J/429,Active,NTYwNQ==,PPB/J/429,BU202306461,SOLE PROPRIETOR,RETAIL,2015,KARURA STREET,,Nairobi
2699,JANIAN DISPENSING CHEMIST (Nairobi),RETAIL,PPB/J/113,Active,MTU0OQ==,PPB/J/113,BU202301612,SOLE PROPRIETOR,RETAIL,2008,SASUMUA,,Nairobi
2702,JANKIN PURE MEDPLUS GROUP KENYA LIMITED (Nairobi),RETAIL,PPB/J/090,Active,MTUxNw==,PPB/J/090,BU202303451,PARTNERSHIP,RETAIL,2004,18TH STREET,,Nairobi
2706,JANPHARM PHARMACEUTICALS (Nairobi),RETAIL,PPB/J/373,Active,MjcyMA==,PPB/J/373,BU202308553,PRIVATE COMPANY (LIMITED),RETAIL,2014,ICIPE RD,,Nairobi
2725,JASTE TOP PHARMACEUTICAL SUPPLIERS LTD-MARINGO (Nairobi),RETAIL,PPB/J/174,Active,MTU3NA==,PPB/J/174,BU202306199,PRIVATE COMPANY (LIMITED),RETAIL,2013,RUKWA RD,,Nairobi
2727,JATESPHARM CHEMIST (Nairobi),RETAIL,PPB/J/1059,Active,MTg3MjI=,PPB/J/1059,BU202308676,SOLE PROPRIETOR,RETAIL,2018,OFF KASARANI MWIKI ROAD,,Nairobi
2728,JATRIM CHEMIST (Nairobi),RETAIL,PPB/J/671,Active,ODA4Mg==,PPB/J/671,BU202306004,SOLE PROPRIETOR,RETAIL,2016,MURANG'A ROAD,,Nairobi
2745,JELCARE CHEMIST-NAIROBI (Nairobi),RETAIL,PPB/J/263,Active,MjI1Nw==,PPB/J/263,BU202302658,SOLE PROPRIETOR,RETAIL,2009,OUTERING ROAD,,Nairobi
2751,JEMAC PHARMACY (Nairobi),RETAIL,PPB/J/636,Active,NzA0NA==,PPB/J/636,BU202301508,PARTNERSHIP,RETAIL,2016,GITHUNGURI ROAD,,Nairobi
2752,JEMAMED PHARMACY (Nairobi),RETAIL,PPB/J/1115,Active,MjM1MjY=,PPB/J/1115,BU202301661,SOLE PROPRIETOR,RETAIL,2020,AMBOSELI ROAD,,Nairobi
2763,JERUSALEM DISPENSING CHEMISTS (Nairobi),RETAIL,PPB/J/08,Active,MzEwMw==,PPB/J/08,BU202303314,SOLE PROPRIETOR,RETAIL,2014,DANDORA PHASE 1,,Nairobi
2778,JIMSTAR PHARMACY-NGONG ROAD (Nairobi),RETAIL,PPB/J/396,Active,MzUyMQ==,PPB/J/396,BU202308261,SOLE PROPRIETOR,RETAIL,2014,NGONG ROAD,,Nairobi
2779,JINCHEM PHARMACEUTICAL (Nairobi),RETAIL,PPB/J/660,Active,NzczMg==,PPB/J/660,BU202303100,SOLE PROPRIETOR,RETAIL,2013,BARINGO ROAD,,Nairobi
2792,JOBBS PHARMACY-GITHURAI (Nairobi),RETAIL,PPB/J/213,Active,MTUxMA==,PPB/J/213,BU202301291,PARTNERSHIP,RETAIL,2012,NGUMBA ROAD,,Nairobi
2795,JOCARE PHARMACY (Nairobi),RETAIL,PPB/J/2156,Active,MjU5NTc=,PPB/J/2156,BU202304386,SOLE PROPRIETOR,RETAIL,2021,ACCRA/DUBOIS ROAD,,Nairobi
2804,JOFLOSTA INVESTMENTS LIMITED,RETAIL,PPB/J/9133,Active,Mjg2Mzc=,PPB/J/9133,BU202305386,SOLE PROPRIETOR,RETAIL,2015,NAIROBI,,Nairobi
2807,JOINT  JUMAIRA  CENTER (Nairobi),RETAIL,PPB/J/1178,Active,MjU5MjY=,PPB/J/1178,BU202302308,PRIVATE COMPANY (LIMITED),RETAIL,2021,OLE SHAPARA ROAD,,Nairobi
2817,JOLICHEM PHARMACY LTD-BROWN HSE (Nairobi),RETAIL,PPB/J/232,Active,MTM3Ng==,PPB/J/232,BU202303970,PRIVATE COMPANY (LIMITED),RETAIL,2011,NORTH AIRPORT RD,,Nairobi
2818,JOMAC PHARMACEUTICALS (Nairobi),RETAIL,PPB/J/358,Active,MzE2Nw==,PPB/J/358,BU202309200,PRIVATE COMPANY (LIMITED),RETAIL,2009,,,Nairobi
2825,JOMU PHARMACEUTICAL (Nairobi),RETAIL,PPB/J/325,Active,NDc3Mg==,PPB/J/325,BU202306307,SOLE PROPRIETOR,RETAIL,2013,KAWANGWARE 46,,Nairobi
2828,JONAM INTEGRATED CENTRE (Nairobi),RETAIL,PPB/J/1173,Active,MjU2Nzc=,PPB/J/1173,BU202309816,SOLE PROPRIETOR,RETAIL,2021,FEDHA ROAD,,Nairobi
2834,JOPHYCARE PHARMACY (Nairobi),RETAIL,PPB/J/9070,Active,MjYyNjg=,PPB/J/9070,BU202305725,SOLE PROPRIETOR,RETAIL,2021,SPORTSVIEW ROAD,,Nairobi
2862,JOSPI CHEMIST (Nairobi),RETAIL,PPB/J/645,Active,NzMxMg==,PPB/J/645,BU202306716,PARTNERSHIP,RETAIL,2012,COSMAS NDETI ROAD,,Nairobi
2867,JOSTEEN CHEMIST (Nairobi),RETAIL,PPB/J/737,Active,MTgwODE=,PPB/J/737,BU202300629,PARTNERSHIP,RETAIL,2018,RUKWA ROAD,,Nairobi
2879,JOWATMED CHEMIST (Nairobi),RETAIL,PPB/J/1041,Active,MTgyODM=,PPB/J/1041,BU202302951,SOLE PROPRIETOR,RETAIL,2018,RIVER ROAD,,Nairobi
2893,JOYLINE CHEMIST - KAHAWA WEST (Nairobi),RETAIL,PPB/J/398,Active,Mjc2MA==,PPB/J/398,BU202304114,SOLE PROPRIETOR,RETAIL,2014,FARMERS\' CHOICE ROAD,,Nairobi
2899,JOYPHARM CHEMIST (Nairobi),RETAIL,PPB/J/336,Active,MjExMQ==,PPB/J/336,BU202305598,SOLE PROPRIETOR,RETAIL,2014,ZIMMERMAN,,Nairobi
2911,JUBBALINK PHARMACY (Nairobi),RETAIL,PPB/J/137,Active,Njc2Nw==,PPB/J/137,BU202305043,PRIVATE COMPANY (LIMITED),RETAIL,2014,7TH STREET,,Nairobi
2912,JUBEN PHARMACY (Nairobi),RETAIL,PPB/J/608,Active,NjYwMg==,PPB/J/608,BU202301040,SOLE PROPRIETOR,RETAIL,2016,KABIRIA ROAD,,Nairobi
2923,JUJA ARCADE PHARMACY- GITHURAI 44 BRANCH (Nairobi),RETAIL,PPB/J/1160,Active,MjUyNjY=,PPB/J/1160,BU202303488,SOLE PROPRIETOR,RETAIL,2021,NGUMBA ROAD,,Nairobi
2925,JUL MEDICARE CHEMIST (Nairobi),RETAIL,PPB/J/698,Active,MTY5NzU=,PPB/J/698,BU202301635,SOLE PROPRIETOR,RETAIL,2017,OUTERING ROAD,,Nairobi
2933,JULIMER INTERNATIONAL LTD (Nairobi),RETAIL,PPB/J/151,Active,MTM3MQ==,PPB/J/151,BU202301488,PARTNERSHIP,RETAIL,1914,KIKUYU RD,,Nairobi
2940,JUNCTION PHARMACY COMPANY LTD (Nairobi),RETAIL,PPB/J/1087,Active,MTk1MjY=,PPB/J/1087,BU202301586,SOLE PROPRIETOR,RETAIL,2019,RALPH BUNCHE ROAD,,Nairobi
2949,JUST PINK PHARMACY (Nairobi),RETAIL,PPB/J/676,Active,MTYzODI=,PPB/J/676,BU202306134,SOLE PROPRIETOR,RETAIL,2017,KIMATHI STREET,,Nairobi
2951,JUSTCARE PHARMACY  (Nairobi),RETAIL,PPB/J/701,Active,MTcwMzY=,PPB/J/701,BU202308950,SOLE PROPRIETOR,RETAIL,2017,KIGUATHI RD,,Nairobi
2955,JYMOKA CHEMIST-WA MBUTITI HSE (Nairobi),RETAIL,PPB/J/132,Active,MTY0MA==,PPB/J/132,BU202309125,SOLE PROPRIETOR,RETAIL,2010,SALIM RD,,Nairobi
2988,KAISER MEDICATE PHARMACY (Nairobi),RETAIL,PPB/K/1021,Active,MTg3NDE=,PPB/K/1021,BU202301264,SOLE PROPRIETOR,RETAIL,2018,LIKONI,,Nairobi
2993,KALACARE (Nairobi),RETAIL,PPB/K/1141,Active,MjM0ODU=,PPB/K/1141,BU202304340,SOLE PROPRIETOR,RETAIL,2020,ZIMMERMAN,,Nairobi
2994,KALAMAN LIMITED (Nairobi),RETAIL,PPB/K/7368,Active,MjU3Mzg=,PPB/K/7368,BU202301977,PARTNERSHIP,RETAIL,2021,TENTH STREET SECOND AVENUE,,Nairobi
3002,KAM PHARMACY LTD - KIMATHI STREET (Nairobi),RETAIL,PPB/K/158 A,Active,MTE4NQ==,PPB/K/158 A,BU202301272,PARTNERSHIP,RETAIL,2012,KIMATHI STREET,,Nairobi
3003,KAM PHARMACY LTD - WESTLANDS (Nairobi),RETAIL,PPB/K/158 B,Active,MTE4MA==,PPB/K/158 B,BU202301337,PARTNERSHIP,RETAIL,2012,MPAKA RD,,Nairobi
3004,KAM PHARMACY LTD- HARAMBEE AVENUE (Nairobi),RETAIL,PPB/K/158 C,Active,OTEw,PPB/K/158 C,BU202303041,SOLE PROPRIETOR,RETAIL,2012,,,Nairobi